Stage Name,Full Name,Date of Birth,Group,Debut,Company,Country,Second Country,Birthplace,Other Group,Former Group
2Soul,Kim Younghoon,10/09/1997,7 O'clock,26/08/2014,Jungle,South Korea,,,,
A.M,Seong Hyunwoo,31/12/1996,Limitless,9/07/2019,ONO,South Korea,,,,
Ace,Jang Wooyoung,28/08/1992,VAV,31/10/2015,A team,South Korea,,,,
Aeji,Kwon Aeji,25/10/1999,Hash Tag,11/10/2017,LUK,South Korea,,Daegu,,
AhIn,Lee Ahin,27/09/1999,MOMOLAND,9/11/2016,Double Kick,South Korea,,Wonju,,
Ahra,Go Ahra,21/02/2001,Favorite,5/07/2017,Astory,South Korea,,Yeosu,,
Ahyeon,Jung Ahyeon,11/04/2007,BABYMONSTER,0/01/1900,YG,South Korea,,,,
Ahyoon,Choi Subin,23/10/2004,BOTOPASS,26/08/2020,WKS ENE,South Korea,,,,
Ahyoon,Shin Ahyoon,24/09/2003,Queenz Eye,24/10/2022,Big Mountain,South Korea,,Seoul,,
Ahyoung,Cho Jayoung,26/05/1991,Dal Shabet,3/01/2011,Happy Face,South Korea,,Seoul,,
Ahyung,Kang Ahyoung,27/08/1996,P.O.P,26/07/2017,DWM,South Korea,,Pohang,,
Ailee,Lee Yejin,30/05/1989,,,,South Korea,USA,Denver,,
Aini,Kim Heejung,13/07/1991,,,,South Korea,,,,Pink Fantasy
Aisha,Heo Yoorim,21/07/2000,Everglow,18/03/2019,Yuehua,South Korea,,,,
Aki,Jang Minju,12/02/2001,MAJORS,9/03/2021,ANS,South Korea,,,,
Alex,Alexander Schmidt Lee,6/10/2004,DRIPPIN,26/10/2020,Woollim,Germany,South Korea,,,
AleXa,Kim Seri,6/12/1996,,,,USA,,,,
Alice,Song Joohee,21/03/1990,Hello Venus,9/05/2012,Fantagio,South Korea,,Wonju,,
Alice,Cheon Jaeyoung,20/02/2002,TRACER,3/04/2022,Gleamedia,South Korea,,,,
Allen,Allen Ma,26/04/1999,CRAVITY,14/04/2020,Starship,USA,South Korea,,,
Amber,Amber Josephine Liu,18/09/1992,f(x),5/09/2009,SM,USA,Taiwan,Los Angeles,,
A-min,Cho Minwoo,22/05/2004,EPEX,8/06/2021,C9,South Korea,,Namyangju,,
Andy,Lui Chunyeung,6/10/1994,7 O'clock,26/08/2014,Jungle,Hong Kong,,,,
Andy,Lee Sunho,21/01/1981,Shinhwa,24/03/1998,SM| Good| Shinhwa,South Korea,,Seoul,,
Anne,Lee Seoyoung,17/10/2000,GWSN,5/09/2018,Kiwi Pop,South Korea,,,,
Anthony,Anthony Lo,12/03/1998,VARSITY,5/01/2017,GKC,China,USA,,,
Ara,Lee Yunji,23/01/2002,ILY:1,4/04/2022,FC ENM,South Korea,,,,
A-ra,Choi Eunji,25/07/2003,Girls' World,20/06/2002,Liz,South Korea,,Seoul,,
Aran,Jeong Eunah,11/10/2004,FIFTY FIFTY,18/11/2022,ATTRAKT,South Korea,,,,
Arang,Son Mnjung,8/03/2000,,,,South Korea,,,,NeonPunch
Arang,Park Yerim,22/01/2001,Pink Fantasy,28/10/2018,My Doll,South Korea,,,,
Areum,Kim Daun,31/01/1998,AREAL,21/08/2020,JZ Factory,South Korea,,,,Rose Finger
Ari,Kim Sunyoung,23/10/1994,Tahiti,23/06/2012,J-line,South Korea,,Daegu,,
Aria,Baby Gauthami,12/03/2003,X:IN,11/04/2023,Escrow,India,,,,
Arie,Jeon Minjae,7/04/2000,MIXX,2/05/2016,Chiko,South Korea,,,,
Arin,Choi Yewon,18/06/1999,Oh My Girl,21/04/2015,WM,South Korea,,Busan,,
Aron,Kwak Youngmin,21/05/1993,NU'EST,15/03/2012,Pledis,South Korea,USA,California,NU'EST W,
Arthur,Jang Yunho,15/04/2000,Kingdom,18/02/2021,GF,South Korea,,,,VARSITY
Asa,Enami Asa,17/04/2006,BABYMONSTER,0/01/1900,YG,Japan,,,,
Asahi,Hanada Asahi,20/08/2001,Treasure,7/08/2020,YG,Japan,,,,
Ashley,Ashley Choi,9/11/1991,Ladies' Code,7/03/2013,Polaris,South Korea,USA,Incheon,,
Aurora,Yang Lan,14/01/1997,NATURE,3/08/2018,n.CH,China,,,,
Ayamy,Suzuki Ayami,15/07/2000,Bling Bling,17/11/2020,Major9,Japan,,,,
Ayden,Kwon Yejun,24/01/2005,EPEX,8/06/2021,C9,South Korea,,,,
Ayeon,Son Minji,29/09/2002,Saturday,18/07/2018,SD,South Korea,,,,
Ayno,Noh Yoonho,1/05/1996,VAV,31/10/2015,A team,South Korea,,,,
B.I,Kim Hanbin,22/10/1996,,,,South Korea,,Goyang,,iKON
B.S,Lee Youngsoo,14/04/1995,14U,17/04/2017,BG,South Korea,,,,
Babysoul,Lee Soojung,6/07/1992,Lovelyz,17/11/2014,Woollim,South Korea,,Gwangju,,
Bada,Kim Bada,28/05/2002,Hinapia,3/11/2019,Alseulbit,South Korea,,,,
Bae,Bae Jinsol,28/12/2004,NMIXX,22/02/2022,JYP,South Korea,,,,
Baek Seung,Kim Hyunwoo,5/10/2004,EPEX,8/06/2021,C9,South Korea,,Seoul,,
Baekah,Kim Sua,24/10/1999,XUM,22/09/2020,A100,South Korea,,,,NeonPunch
Baekgyeul,Baek Sunwoo,1/12/1999,E'LAST,9/06/2020,E Entertainment,South Korea,,,,
Baekho,Kang Dongho,21/07/1995,NU'EST,15/03/2012,Pledis,South Korea,,Jeju,NU'EST W,
Baekhyun,Byun Baekhyun,6/05/1992,EXO,8/04/2012,SM,South Korea,,Wonmi,EXO-CBX| SuperM,
Bahiyyih,Huening Bahiyyih,27/07/2004,Kep1er,1/03/2022,WakeOne,USA,South Korea,,,
Bain,Song Byeonghee,4/05/2001,JUST B,30/06/2021,Bluedot,South Korea,,,,
BamBam,Kunpimook Bhuwakul,2/05/1997,GOT7,16/01/2014,JYP,Thailand,,Bangkok,,
Bang Chan,Bang Chan,3/10/1997,Stray Kids,25/03/2018,JYP,Australia,South Korea,Sydney,3RACHA,
Bao,Bae Sungyeob,12/05/1996,XEED,1/12/2022,Nature Space,South Korea,,,,LUCENTE
Baro,Cha Sunwoo,5/09/1992,,,,South Korea,,Gwangju,,B1A4
Baron,Choi Chunghyeop,19/04/1992,,,,South Korea,,,,VAV
B-Bomb,Lee Minhyuk,14/12/1990,Block B,15/04/2011,KQ,South Korea,,Seoul,Bastarz,
BC,Jin Sungho,18/07/1994,1TEAM,27/03/2019,LiveWorks,South Korea,,,,
Bekah,Rebecca Kim,11/08/1989,,,,South Korea,USA,Honolulu,,After School
BEL,Choi Sunghoon,21/05/2000,DUSTIN,6/01/2020,LPA,South Korea,,,,
Belle,Jin Hyeonjoo,3/11/2001,Cignature,4/02/2020,C9,South Korea,,Goyang,,Good Day
Benji,Baek Jaewook,3/05/1992,B.I.G,9/07/2014,GH,USA,South Korea,Indianapolis,,
Beomgyu,Choi Beomgyu,13/03/2001,TXT,4/03/2019,Big Hit,South Korea,,,,
Bessie,Kim Susanna,15/07/2004,Lapillus,22/06/2022,MLD,South Korea,,Changwon,,
Bian,Yu Jiwon,13/02/2001,MAJORS,9/03/2021,ANS,South Korea,,,,ANS
BIBI,Kim Hyungseo,27/09/1998,,,,South Korea,,,,
Bic,Nam Seungmin,25/04/2001,MCND,27/02/2020,TOP Media,South Korea,,,,
Bin,Kwon Soobin,28/10/1993,Hot Blood Youth,17/05/2017,FNC,South Korea,,,,
Bit,No Minjae,21/07/2004,BAE173,19/11/2020,PocketDol,South Korea,,,,
Bitsaeon,Kim Sangyeon,4/06/1995,MONT,14/05/2014,Starship,South Korea,,,,
Bitto,Lee Changhyun,24/08/1996,UP10TION,10/09/2015,TOP Media,South Korea,,Dongducheon,,
B-Joo,Kim Byungjoo,8/01/1994,Topp Dogg,1/04/2020,n.CH,South Korea,,Seoul,,
Blue,Jung Gahee,18/01/1994,Pungdeng-E,11/12/2013,DOMA,South Korea,,Gwangju,,
BM,Matthew Kim,20/10/1992,KARD,29/03/2007,DSP,South Korea,,,,
BoA,Kwon Boa,5/11/1986,,,,South Korea,,Guri,,
Boa,Kim Boah,14/01/1987,KEEMBO,10/04/2020,ARA-LINE,South Korea,,,,SPICA
Bobby,Kim Jiwon,21/12/1995,iKON,15/09/2015,YG,South Korea,USA,Seoul,,
Boeun,Park Boeun,11/02/2008,CLASS:y,5/05/2022,Universal,South Korea,,,,
Bohyung,Kim Bohyung,31/03/1991,KEEMBO,10/04/2020,ARA-LINE,South Korea,,,SPICA-S,SPICA
Bokeun,Kim Bokeun,12/10/1994,SIGNAL,28/08/2019,J-Star,South Korea,,,,
Bom,Park Bom,24/03/1984,2NE1,6/05/2009,YG,South Korea,,,,
Bomi,Yoon Bomi,13/08/1993,Apink,19/04/2011,Plan A,South Korea,,Suwon,Chobom,
Bomin,Choi Bomin,24/08/2000,Golden Child,28/08/2017,Woollim,South Korea,,,,
Bomin,Kim Bomin,24/09/2001,RedSquare,19/05/2020,About,South Korea,,Gwangju,,Good Day
Bona,Kim Jiyeon,19/08/1995,WJSN,25/02/2016,Starship,South Korea,,Daegu,WJSN The Black,
Boni,Choi Euijeong,30/10/1999,Dreamnote,7/11/2018,iME,South Korea,,,,
Bora,Kim Bora,3/03/1999,Cherry Bullet,21/01/2019,FNC,South Korea,,,,
Bora,Yoon Bora,30/12/1989,SISTAR,6/03/2010,Starship,South Korea,,,SISTAR19,
Boram,Jeon Boram,22/03/1986,,,,South Korea,,Seoul,,T-ara
Bullet,Jin Junwoo,2/12/1995,VARSITY,5/01/2017,GKC,South Korea,,Seoul,,
BX,Lee Byounggon,5/03/1998,CIX,23/07/2019,C9,South Korea,,Incheon,,
Byeongkwan,Kim Byeongkwan,13/08/1996,A.C.E,23/05/2017,Beat,South Korea,,Seoul,,
Byungchan,Choi Byungchan,12/11/1997,VICTON,9/11/2016,Plan A,South Korea,,,,
C.A.P,Bang Minsoo,4/11/1992,Teen Top,9/07/2010,TOP Media,South Korea,,Seongnam,,
Cao Lu,Cao Lu,30/08/1987,Fiestar,31/08/2012,LOEN,China,,Zhangjiajie,,
Casper,Chu Xiaoxiang,20/03/1991,CROSS GENE,8/07/2012,Amuse,China,,Shanghai,,
Castle J,Son Sangjoon,31/05/1999,MCND,27/02/2020,TOP Media,South Korea,,,,
Cha Hoon,Cha Hoon,12/07/1994,N.Flying,20/05/2015,FNC,South Korea,,Seoul,,
Chaebin,Choi Yoobin,28/07/1999,NATURE,3/08/2018,n.CH,South Korea,,,,
Chaehyun,Kim Chaehyun,29/11/1999,Bonus Baby,1/01/2017,Maroo,South Korea,,,,
Chaehyun,Kim Chaehyun,26/04/2002,Kep1er,1/03/2022,WakeOne,South Korea,,,,
Chaein,Lee Chaeyoung,5/12/2002,Purple Kiss,15/03/2021,RBW,South Korea,,,,
Chaejeong,Lee Chaejeong,26/08/1999,ALICE,1/07/2017,IOK Company,South Korea,,,,
Chaejin,Chae Jinseok,26/12/1995,MYNAME,27/10/2011,H2,South Korea,,Seoul,,
Chaekyung,Yoon Chaekyung,7/07/1996,APRIL,24/08/2015,DSP,South Korea,,Incheon,C.I.V.A| I.B.I,Puretty
Chaelin,Lee Chaelin,20/10/1999,FANATICS,6/08/2019,FENT,South Korea,,,,
Chaerin,Park Chaerin,13/03/2002,Cherry Bullet,21/01/2019,FNC,South Korea,,,,
Chaerin,Park Chaerin,31/03/2003,ICHILLIN',8/09/2021,KM,South Korea,,,,
Chaeryeong,Lee Chaeryeong,5/06/2001,ITZY,12/02/2019,JYP,South Korea,,Yongin,,
Chaesol,Maeng Chaesol,14/07/1998,Cignature,4/02/2020,C9,South Korea,,Yeosu,,Good Day
Chaewon,Kim Chaewon,8/11/1997,APRIL,24/08/2015,DSP,South Korea,,Gongju,,
Chaewon,Yoon Chaewon,4/06/2003,CLASS:y,5/05/2022,Universal,South Korea,,,,
Chaewon,Kim Chaewon,1/08/2000,LE SSERAFIM,2/05/2022,Source,South Korea,,Seoul,,IZ*ONE
Chaewon,Lee Chaewon,18/03/2000,Maka Maka,4/08/2020,Dreamus,South Korea,,,,
ChaeY,Song Chaeyeon,6/01/2003,CRAXY,3/03/2020,SAITEINMENT,South Korea,,,,
Chaeyeon,Jung Chaeyeon,1/12/1997,DIA,14/07/2015,MBK,South Korea,,Suncheon,,I.O.I
Chaeyeon,Lee Chaeyeon,11/01/2000,IZ*ONE,29/10/2018,Off The Record,South Korea,,Yongin,,
Chaeyeon,Kim Chaeyeon,4/12/2004,tripleS,13/02/2023,MODHAUS,South Korea,,,,Busters
Chaeyoung,Lee Chaeyoung,14/05/2000,fromis_9,24/01/2018,Off The Record,South Korea,,Pohang,,
Chaeyoung,Son Chaeyoung,23/04/1999,Twice,20/10/2015,JYP,South Korea,,Seoul,,
Chahee,Park Sooyoung,24/03/1996,MELODYDAY,25/09/2019,KD,South Korea,,,,
Chan,Kang Yoochan,31/12/1997,A.C.E,23/05/2017,Beat,South Korea,,Jeju,UNB,
Chan,Jung Chanwoo,26/01/1998,iKON,15/09/2015,YG,South Korea,,Yongin,,
Chan,Jo Chanhyuk,8/12/1999,TOO,1/04/2020,n.CH,South Korea,,,,
Changbin,Seo Changbin,11/08/1999,Stray Kids,25/03/2018,JYP,South Korea,,Yongin,3RACHA,
Changbum,Woo Changbum,7/10/1993,,,,South Korea,,Sokcho,,100%
Changgyu,Song Changgyu,6/07/1993,UNVS,23/02/2020,CHITWN,South Korea,,,,
Changjo,Choi Jonghyun,16/11/1995,Teen Top,9/07/2010,TOP Media,South Korea,,Chuncheon,,
Changsub,Lee Changsub,26/02/1991,BtoB,21/03/2012,Cube,South Korea,,Suwon,,
Changsun,Lee Changsun,17/03/1996,24K,6/09/2012,Choeun,South Korea,,,,
Changuk,Joo Changuk,25/07/2001,DRIPPIN,26/10/2020,Woollim,South Korea,,,,
Chani,Kang Chanhee,17/01/2000,SF9,5/10/2016,FNC,South Korea,,,,
Chanmi,Kim Chanmi,19/06/1996,AoA,30/07/2012,FNC,South Korea,,Gumi,,
Chansung,Hwang Chansung,11/02/1990,2PM,4/07/2008,JYP,South Korea,,Seoul,,
Chanty,Maria Chantal Videla,15/12/2002,Lapillus,22/06/2022,MLD,Philippines,Argentina,Manila,,
Chanyeol,Park Chanyeol,27/11/1992,EXO,8/04/2012,SM,South Korea,,Seoul,,
Chanyong,Kim Chanyong,29/04/1993,100%,18/09/2012,TOP Media,South Korea,,Suwon,,
Chanyoung,Kim Chanyoung,20/11/2000,D-CRUNCH,6/08/2018,All-S,South Korea,,,,
Chen,Kim Jongdae,21/09/1992,EXO,8/04/2012,SM,South Korea,,Silheung,EXO-CBX,
Cheng Xiao,Cheng Xiao,15/07/1998,,,,China,,Shenzhen,,WJSN
Chenle,Zhong Chenle,22/11/2001,NCT,9/04/2016,SM,China,,Shanghai,NCT Dream,
Cheongeum,Jang Cheongeum,19/06/1996,Ho1iday,26/04/2013,LOEN,South Korea,,,,
Chi.u,Lee Jaeyi,16/08/1998,X:IN,11/04/2023,Escrow,South Korea,,,,
Chiayi,Li Chiayi,22/01/2000,FANATICS,6/08/2019,FENT,Taiwan,,,FANATICS FLAVOR,
Chihoon,Choi Chihoon,27/04/1999,TOO,1/04/2020,n.CH,South Korea,,,,
Chiquita,Riracha Phondechaphiphat,17/02/2009,BABYMONSTER,0/01/1900,YG,Thailand,,,,
Chiwoo,Guk Seungjun,2/09/2002,Kingdom,18/02/2021,GF,South Korea,,,,
Chloe,Yun Jiwon,6/01/2001,Cignature,4/02/2020,C9,South Korea,,Seoul,,
Choa,Park Choa,6/03/1990,,,,South Korea,,Incheon,,AoA| AOA BLACK
Choa,Heo Minjin,12/07/1990,Crayon Pop,18/07/2012,Chrome,South Korea,,Seoul,,
Choerry,Choi Yerim,4/06/2001,LOONA,20/08/2018,Blockberry,South Korea,,,Loona Odd Eye Circle| ARTMS,
Choi In,Choi In,11/02/1996,E'LAST,9/06/2020,E Entertainment,South Korea,,,,
Choi Jiann,Choi Jaewoo,30/09/1997,Newkidd,25/04/2019,J-FLO,South Korea,,,,
Chorong,Park Chorong,3/03/1991,Apink,19/04/2011,Plan A,South Korea,,Chungwongoon,Chobom,
Chowon,Kim Chowon,18/08/2005,ICHILLIN',8/09/2021,KM,South Korea,,,,
Chowon,Han Chowon,16/09/2002,LIGHTSUM,10/06/2021,Cube,South Korea,,Seoul,,
Choyeon,Kim Choyeon,1/08/2001,bugAboo,25/10/2021,A team,South Korea,,,,
Chris,Han Chris,19/11/2002,BLITZERS,12/05/2021,Wuzo,South Korea,,,,
Chungha,Kim Chungha,9/02/1996,,,,South Korea,,Dallas,,I.O.I
Chunji,Lee Chanhee,5/10/1993,Teen Top,9/07/2010,TOP Media,South Korea,,Seongnam,,
Chuu,Kim Jiwoo,20/10/1999,LOONA,20/08/2018,Blockberry,South Korea,,Cheongju,Loona yyxy,
CL,Lee Chaerin,26/02/1991,2NE1,6/05/2009,YG,South Korea,,,,
CNU,Shin Dongwoo,16/06/1991,B1A4,19/04/2010,WM,South Korea,,Seoul,,
Cory,Hong Joohyung,25/11/1990,24K,6/09/2012,Choeun,South Korea,USA,Daegu,,
Cui Xiang,Cui Xiang,26/01/1995,BOTOPASS,26/08/2020,WKS ENE,China,,,,ILUV
Cya,Lee Giwook,24/01/2000,Onewe,9/01/2019,RBW,South Korea,,,,MAS
Cyan,Lee Chaeeun,4/04/2001,bugAboo,25/10/2021,A team,South Korea,,Sanbon,,
D.ana,Cho Eunae,10/09/1995,Sonamoo,29/12/2014,TS,South Korea,,Seoul,,
D.O.,Do Kyungsoo,12/01/1993,EXO,8/04/2012,SM,South Korea,,Gyeonggi,,
D1,Jang Dongil,15/02/1998,DKB,3/02/2020,Brave,South Korea,,,,
Dabi,Park Jiwon,19/01/2000,AREAL,21/08/2020,JZ Factory,South Korea,,,,MIDNIGHT
Daehwi,Lee Daehwi,29/01/2001,AB6IX,22/05/2019,Brand New,South Korea,,Seoul,,Wanna One
Daehyeon,Jang Daehyeon,11/02/1997,WEi,5/10/2020,OUI,South Korea,,,,RAINZ
Daehyun,Jung Daehyun,28/06/1993,B.A.P,27/01/2012,TS,South Korea,,Busan,,
Daeil,Kim Daeil,10/05/1992,,,,South Korea,,Busan,,24K
Daesung,Daesung,26/04/1989,BIGBANG,19/08/2006,YG,South Korea,,Incheon,,
Daeun,Jung Daeun,3/06/1994,2EYES,20/07/2013,SidusHQ,South Korea,,Bucheon,,
Daewang Nim,Daewang Nim,8/04/1996,Pink Fantasy,28/10/2018,My Doll,South Korea,,,,
Daeyeol,Lee Daeyeol,11/02/1993,Golden Child,28/08/2017,Woollim,South Korea,,Yongin,,
Dahye,Song Dahye,12/06/1993,,,,South Korea,,,,EXID| BESTie
Dahyun,Jeong Dahyun,29/04/2005,Rocket Punch,7/08/2019,Woollim,South Korea,,,,
Dahyun,Seo Dahyun,8/01/2003,tripleS,13/02/2023,MODHAUS,South Korea,,Busan,,
Dahyun,Kim Dahyun,28/05/1998,Twice,20/10/2015,JYP,South Korea,,Seongnam,,
Dain,Song Jieun,25/06/1990,,,,South Korea,,,,Wassup
Dain,Jung Dain,15/12/2004,HOT ISSUE,17/05/2017,FNC,South Korea,,,,
Daisy,Yoo Jeongahn,22/01/1999,,,,South Korea,,Seoul,,MOMOLAND
Dajeong,Kim Dajeong,8/08/1995,Hash Tag,11/10/2017,LUK,South Korea,,Gwangju,,
Dajeong,Jung Dajeong,31/07/2003,Pixy,24/02/2021,ALLART,South Korea,,,,
Dakyung,Jung Dakyung,23/07/2001,Hi-L,11/08/2021,Kpop Live,South Korea,,,,
Dalyn,Lee Sohyun,27/08/1999,ANS,16/09/2019,ANS,South Korea,,,,
Damhee,Park Damhee,21/06/2000,ARTBEAT,16/11/2022,AB Creative,South Korea,,,,
Dami,Hong Dayoung,7/06/2001,ANS,16/09/2019,ANS,South Korea,,,,
Dami,Lee Yoobin,7/03/1997,Dreamcatcher,13/01/2017,Happy Face,South Korea,,Seoul,,Minx
Damin,Kang Damin,24/03/2004,Queenz Eye,24/10/2022,Big Mountain,South Korea,,Seoul,,
Damon,Hu Boohan,2/07/1996,VARSITY,5/01/2017,GKC,China,,,,
Dana,Jang Dana,25/12/2003,HOT ISSUE,17/05/2017,FNC,South Korea,,,,
Dan-a,Park Seungyeon,26/06/1993,Matilda,18/03/2016,Box,South Korea,,,,
Daniel,Kang Daniel,10/12/1996,Wanna One,7/08/2017,YMC,South Korea,,Busan,,
Danielle,Mo Jihye,11/04/2005,NewJeans,22/07/2022,ADOR,South Korea,Australia,Munsan,,
Dann,Jung Seungbo,1/11/1997,Kingdom,18/02/2021,GF,South Korea,,Ilsan,,VARSITY
Dany,Jeon Eunji,20/01/1998,Ho1iday,26/04/2013,LOEN,South Korea,,,,
Daon,Ahn Seonil,10/12/2000,DUSTIN,6/01/2020,LPA,South Korea,,,,
Dara,Park Sandara,12/11/1984,2NE1,6/05/2009,YG,South Korea,,,,
Daseul,Yang Daseul,14/09/2000,Maka Maka,4/08/2020,Dreamus,South Korea,,,,
Dasom,Lee Dasom,13/11/1993,2EYES,20/07/2013,SidusHQ,South Korea,,Cheongju,,
Dasom,Kim Dasom,6/05/1993,SISTAR,6/03/2010,Starship,South Korea,,,,
Dawon,Lee Dawon,2/12/1996,ARIAZ,23/10/2019,Rising Star,South Korea,,,,
Dawon,Lee Sanghyuk,24/07/1995,SF9,5/10/2016,FNC,South Korea,,,,
Dawon,Cho Dawon,12/05/2000,VARSITY,5/01/2017,GKC,South Korea,,,,
Dawon,Nam Dawon,16/03/1997,WJSN,25/02/2016,Starship,South Korea,,Seoul,,
Daye,Kim Hyunjung,25/02/1998,Berry Good,21/05/2014,Asia Bridge,South Korea,,,,
Dayeon,Kim Dayeon,2/03/2003,Kep1er,1/03/2022,WakeOne,South Korea,,,,
Dayeon,Hwang Da Kyeon,17/11/1995,XUM,22/09/2020,A100,South Korea,,,,NeonPunch
Dayoung,Kim Dayoung,2/02/1991,Blady,16/05/2011,Star Planet,South Korea,,Jeonju,,
Dayoung,Im Dayoung,14/05/1999,WJSN,25/02/2016,Starship,South Korea,,Jeju,WJSN Chocome,
Dayun,Kim Dayun,20/11/2000,Bonus Baby,1/01/2017,Maroo,South Korea,,,,
Della,Park Sehyun,3/09/1995,Rockit Girl,30/05/2019,Rolling,South Korea,,,,
Denise,Kim Denise,11/01/2001,SECRET NUMBER,19/05/2020,Vine,South Korea,USA,,,
Dey,Kim Sehyun,11/06/2003,YOUNITE,20/04/2022,Brand New,South Korea,,,,
Dia,Kwak Minnyeong,3/09/1999,Maka Maka,4/08/2020,Dreamus,South Korea,,,,
Dia,Choi Eunji,16/07/2001,Pixy,24/02/2021,ALLART,South Korea,,,,
Dino,Lee Chan,11/02/1999,Seventeen,26/05/2015,Pledis,South Korea,,Iksan,,
Dita,Dita Karang,25/12/1996,SECRET NUMBER,19/05/2020,Vine,Indonesia,,Yogyakarta,,
DK,Kim Dokyun,16/02/1998,BLANK2Y,24/05/2022,Keystone,South Korea,,,,
DK,Kim Donghyuk,3/01/1997,iKON,15/09/2015,YG,South Korea,,,,
DK,Lee Seongmin,18/02/1997,Seventeen,26/05/2015,Pledis,South Korea,,Yongin,,
Doa,Im Youngseo,29/10/2001,We;Na,5/09/2022,Shine E&M,South Korea,,,,
Do-A,Choi Yuna,2/02/1999,ALICE,1/07/2017,IOK Company,South Korea,,,,
Doah,Kim Doah,4/12/2003,FANATICS,6/08/2019,FENT,South Korea,,,FANATICS FLAVOR,
Doha,Na Gyumin,7/03/2004,BAE173,19/11/2020,PocketDol,South Korea,,,,
Doha,Park Doha,27/03/1992,XEED,1/12/2022,Nature Space,South Korea,,Seoul,,
Dohee,Yoon Dohee,24/09/1999,,,,South Korea,,,,NeonPunch
Dohee,Kwon Dohee,1/08/2002,Cignature,4/02/2020,C9,South Korea,,Seoul,,
Dohee,Min Dohee,25/09/1994,Tiny-G,23/08/2012,GNG,South Korea,,,,
Dohwan,Gil Dohwan,26/08/2003,Ciipher,15/03/2021,Rain,South Korea,,,,
Dohyon,Nam Dohyon,10/11/2004,BAE173,19/11/2020,PocketDol,South Korea,,,,X1
Dohyuk,Kim Dohyuk,16/01/1998,14U,17/04/2017,BG,South Korea,,,,
Doi,Kim Doi,12/04/1994,FANATICS,6/08/2019,FENT,South Korea,,,,
Dojin,Jeon Yongtae,7/03/1997,ENOi,19/04/2019,KITHEWHALE,South Korea,,,,
Dokyun,Na Dokyun,11/02/1991,HISTORY,26/04/2013,LOEN,South Korea,,Daejeon,,
Donggeon,Song Donggeon,15/07/1999,TOO,1/04/2020,n.CH,South Korea,,,,
Donghae,Lee Donghae,15/10/1986,Super Junior,6/11/2005,SM,South Korea,,Mokpo,Super Junior-M,
Donghan,Kim Donghan,3/07/1998,WEi,5/10/2020,OUI,South Korea,,Daegu,,JBJ
Dongheon,Lee Dongheon,4/08/1995,Verivery,1/09/2019,Jellyfish,South Korea,,,,
Donghun,Lee Donghun,15/05/1993,A.C.E,23/05/2017,Beat,South Korea,,Suncheon,,
Donghyuk,Park Donghyuk,18/12/1999,BLANK2Y,24/05/2022,Keystone,South Korea,,,,ENOi
Donghyun,Kim Donghyun,17/09/1998,AB6IX,22/05/2019,Brand New,South Korea,,Daejeon,MXM,
Donghyun,Kim Donghyun,12/02/1989,Boyfriend,26/05/2011,Starship,South Korea,,Seoul,,
Donghyun,Kim Donghyun,23/02/1999,Golden Child,28/08/2017,Woollim,South Korea,,,,
Dongjun,Hwang Dongjun,7/09/1999,,,,South Korea,,,,Ghost9
Dongjun,Kim Dongjun,11/02/1992,ZE:A,7/01/2010,Star Empire,South Korea,,Busan,,
Dongkyu,Moon Dongkyu,16/11/1992,Spectrum,9/05/2018,WYNN,South Korea,,,,
Dongmyeong,Son Dongmyeong,20/01/2000,Onewe,9/01/2019,RBW,South Korea,,,,MAS
Dongpyo,Son Dongpyo,9/09/2002,Mirae,17/03/2021,DSP,South Korea,,,,X1
Dongwan,Kim Dongwan,21/11/1979,Shinhwa,24/03/1998,SM| Good| Shinhwa,South Korea,,Pohang,,
Dongwon,Lee Dongwon,1/01/1994,KNK,3/03/2016,YNB,South Korea,,,,
Dongwoo,Jang Dongwoo,22/11/1990,Infinite,9/06/2010,Woollim,South Korea,,Guri,Infinite H,
Dongwoon,Son Dongwoon,6/06/1991,Highlight,14/10/2009,Around Us,South Korea,,Busan,,Beast
Dongyun,Kim Dongyun,18/02/2002,DRIPPIN,26/10/2020,Woollim,South Korea,,,,
Doojoon,Yoon Doojoon,4/07/1989,Highlight,14/10/2009,Around Us,South Korea,,Goyang,,Beast
Doryun,Kim Doryun,1/05/2000,AIMERS,17/11/2022,Hyper Rhythm,South Korea,,,,
Dosie,Jang Eunseung,11/02/2000,Purple Kiss,15/03/2021,RBW,South Korea,,,,
Douhyun,Yoo Douhyun,25/12/2000,Mirae,17/03/2021,DSP,South Korea,,,,
Dowoon,Yoon Dowoon,25/08/1995,DAY6,7/09/2015,JYP,South Korea,,,,
Doyeon,Kim Doyeon,4/12/1999,Weki Meki,8/08/2017,Fantagio,South Korea,,Incheon,I.O.I| WJMK,
Doyoung,Kim Dongyoung,1/02/1996,NCT,9/04/2016,SM,South Korea,,Guri,NCT U| NCT 127,
Doyoung,Kim Doyoung,4/12/2003,Treasure,7/08/2020,YG,South Korea,,,,
Duna,Kang Duna,28/04/2005,CSR,27/07/2022,A2Z,South Korea,,Gangwon,,
DY,Jeon Doyum,21/02/2002,JUST B,30/06/2021,Bluedot,South Korea,,Daejeon,,1the9
Dylan,Park Yeonjae,26/07/2002,D-CRUNCH,6/08/2018,All-S,South Korea,,,,
E.Ji,Choi Jiwon,8/11/2000,ICHILLIN',8/09/2021,KM,South Korea,,,,
E.sha,Kwon Yena,29/12/1998,X:IN,11/04/2023,Escrow,Australia,South Korea,,,
E.sol,Jeon Jaehyuk,17/09/1992,14U,17/04/2017,BG,South Korea,,,,
E:U,Park Jiwon,19/05/1998,Everglow,18/03/2019,Yuehua,South Korea,,,,
E-Chan,Lee Changmin,19/02/1997,DKB,3/02/2020,Brave,South Korea,,,,
E'Dawn,Kim Hyojong,1/06/1994,,,,South Korea,,,,PENTAGON
Eden,Jae Won,27/03/1998,NINE.i,30/03/2022,FirstOne,South Korea,,,,
EJ,Kim Eunji,13/08/1997,ALICE,1/07/2017,IOK Company,South Korea,,,,
Eli,Ellison Kim,13/03/1991,U-KISS,28/08/2008,NH Media,USA,South Korea,Los Angeles,,
Elkie,Chong Ting Yan,2/11/1998,,,,Hong Kong,,Hong Kong,,CLC
Ella,Kim Kyungjoo,26/03/1998,,,,South Korea,,,,Cherry Bullet| Pixy
Ellin,Kim Minyoung,2/04/1990,Crayon Pop,18/07/2012,Chrome,South Korea,,Daegu,,
Elly,Jung Haerim,20/07/1998,Weki Meki,8/08/2017,Fantagio,South Korea,,,,
Ellyn,Bang Sunhee,19/10/2002,Girlkind,16/01/2018,Nextlevel,South Korea,,,,
Elva,Lee Yonghwa,5/05/2003,ILY:1,4/04/2022,FC ENM,South Korea,,,,
Eric,Moon Junghyuk,16/02/1979,Shinhwa,24/03/1998,SM| Good| Shinhwa,South Korea,,Seoul,,
Eric,Son Youngjae,22/12/2000,The Boyz,31/12/2017,Cre.Ker,South Korea,,,,
Eseo,Noh Hyunjung,4/03/1996,LUNARSOLAR,2/09/2020,J Planet,South Korea,,,,
Eson,Kim Jungmin,28/12/1996,We In The Zone,27/05/2019,Choon,South Korea,USA,Honolulu,,
E-tion,Lee Changyoon,24/12/1994,ONF,2/08/2017,WM,South Korea,,Jeonju,,
Euaerin,Lee Hyemin,3/05/1988,,,,South Korea,,Seoul,,9Muses
Euijin,Lee Euijin,15/02/1990,Bigflo,19/07/2014,HO,South Korea,,Seoul,,
Euijin,Hong Euijin,8/10/1996,Sonamoo,29/12/2014,TS,South Korea,,Gwangju,UNI.T,
Eun,Choi Eunmi,14/05/1990,Two X,20/08/2012,J. Tune,South Korea,,,,
Euna,,25/05/2003,We;Na,5/09/2022,Shine E&M,South Korea,,,,
EunB,Shin Eunbi,17/09/2000,Maka Maka,4/08/2020,Dreamus,South Korea,,,,Lip Bubble
EunB,Byun Eunbi,23/11/2000,PRECIOUS,23/09/2020,Umi,South Korea,,Busan,,
Eunbi,Kwon Eunbi,27/09/1995,IZ*ONE,29/10/2018,Off The Record,South Korea,,Seoul,,
Eunbin,Kwon Eunbin,6/01/2000,CLC,19/03/2015,Cube,South Korea,,Seoul,,
Eunchae,Son Eunchae,6/10/1999,bugAboo,25/10/2021,A team,South Korea,,Pohang,,
Eunchae,Kwon Chaewon,26/05/1999,DIA,14/07/2015,MBK,South Korea,,,,
Eunchae,Hong Eunchae,10/11/2006,LE SSERAFIM,2/05/2022,Source,South Korea,,,,
Eunchan,Choi Byeongseop,27/02/2001,TEMPEST,2/03/2022,Yuehua,South Korea,,,,
Eunha,Jung Eunbi,30/05/1997,VIVIZ,9/02/2022,Big Planet Made,South Korea,,Seoul,,Gfriend
Eunho,Shin Donggeun,10/09/1992,UNVS,23/02/2020,CHITWN,South Korea,,,,
Eunho,Myung Eunho,25/03/2001,YOUNITE,20/04/2022,Brand New,South Korea,,,,
Eunhyuk,Lee Hyukjae,4/04/1986,Super Junior,6/11/2005,SM,South Korea,,Ilsan,Super Junior-M,
Eunice,Heo Sooyeon,2/09/1991,DIA,14/07/2015,MBK,South Korea,,Busan,,
Eunil,Kim Eunil,21/11/2003,TRENDZ,5/01/2022,Interpark,South Korea,,,,
Eunjae,Kwak Eunjae,2/05/1996,14U,17/04/2017,BG,South Korea,,,,
Eunji,Jung Eunji,18/08/1993,Apink,19/04/2011,Plan A,South Korea,,Busan,,
Eunji,Hong Eunji,19/07/1992,Brave Girls,8/04/2011,Brave,South Korea,,Seoul,,
Eunjin,Ahn Eunjin,31/08/1997,,,,South Korea,,Mokpo,,DIA
Eunjin,Moon Eunjin,5/11/1998,Highteen,14/10/2016,Elijah,South Korea,,,,
Eunjin,Ma Eunjin,23/05/1997,Playback,25/06/2015,Coridel,South Korea,,Wonju,,
Eunjo,Park Eunjo,7/03/2002,Dreamnote,7/11/2018,iME,South Korea,,,,
Eunjun,Choi Eunjun,6/08/1999,AIMERS,17/11/2022,Hyper Rhythm,South Korea,,,,Spectrum
Eunjung,Ham Eunjung,12/12/1988,T-ara,29/07/2009,MBK,South Korea,,Seoul,,
Eunki,Hong Eunki,29/09/1997,,,,South Korea,,,,RAINZ
Eunkwang,Seo Eunkwang,22/11/1990,BtoB,21/03/2012,Cube,South Korea,,Yongin,,
Eunsang,Lee Eunsang,26/10/2002,YOUNITE,20/04/2022,Brand New,South Korea,,,,X1
Eunseo,Son Juyeon,27/05/1998,WJSN,25/02/2016,Starship,South Korea,,Incheon,WJSN The Black,
Eunsung,Lee Eunsung,7/09/2000,TheEastLight,15/11/2018,Stardium,South Korea,,,,
Eunwoo,Cha Eunwoo,30/03/1997,ASTRO,23/02/2016,Fantagio,South Korea,,Gunpo,,
Eunwoo,Jeong Eunwoo,1/07/1998,Hinapia,3/11/2019,Alseulbit,South Korea,,,Pristin V,Pristin
Eunyoung,Joo Eunyoung,12/06/1992,Two X,20/08/2012,J. Tune,South Korea,,,,
Exy,Chu Sojung,6/11/1995,WJSN,25/02/2016,Starship,South Korea,,Busan,WJSN The Black,
Eyedi,Nam Yujin,8/12/1995,,,,South Korea,,,,
E-Young,Noh Yiyoung,16/08/1992,After School,15/01/2009,Pledis,South Korea,,Chuncheon,,
Fatou,Fatou Samba,23/03/1995,Blackswan,16/10/2020,DR,Belgium,Senegal,Yoff,,
Fei,Wang FeiFei,27/04/1987,miss A,1/07/2010,JYP,China,,Haikou,,
Felix,Lee Youngbok,15/09/2000,Stray Kids,25/03/2018,JYP,South Korea,,Sydney,,
G.NA,Gina Jane Choi,13/09/1987,,,,Canada,South Korea,Edmonton,,
G.O,Jung Byunghee,6/11/1987,MBLAQ,14/10/2009,J. Tune,South Korea,,Changwon,,
Gabin,Kim Gabin,18/09/1989,Blady,16/05/2011,Star Planet,South Korea,,Busan,,
Gabin,Yoo Seunghyun,11/09/2001,JWiiver,17/02/2022,JTG,South Korea,,Busan,,
Gaeul,Park Gaeul,8/05/1999,Favorite,5/07/2017,Astory,South Korea,,Seoul,,
Gaeul,Kim Gaeul,24/09/2002,IVE,1/12/2021,Starship,South Korea,,Incheon,,
Gaeun,Cho Kaeun,28/07/1992,,,,South Korea,,Changwon,,Dal Shabet
Gaeun,Lee Gaeun,18/07/2000,ARTBEAT,16/11/2022,AB Creative,South Korea,,,,
Gaeun,Oh Gaeun,8/11/2005,LIMELIGHT,17/02/2023,143,South Korea,,,,
Gaga,Li Jia Jia,1/09/1999,,,,China,,,,NATURE
Gaga,Lee Soobin,10/11/1994,Gate9,26/01/1999,JYP| SidusHQ,South Korea,,,,
Gahyeon,Lee Gahyeon,3/02/1999,Dreamcatcher,13/01/2017,Happy Face,South Korea,,Seongnam,,
Gain,Son Gain,20/09/1987,Brown Eyed Girls,2/03/2006,Mystic,South Korea,,,,
Gaon,Beom Gaon,9/03/2001,Bonus Baby,1/01/2017,Maroo,South Korea,,,,
Garam,Kim Garam,16/11/2005,,,,South Korea,,,,LE SSERAFIM
Gayoon,Heo Gayoon,18/05/1990,4minute,15/06/2009,Cube,South Korea,,Seoul,2YOON,
Gayoung,Kim Gayoung,2/12/1991,Stellar,28/08/2011,Pascal,South Korea,,Seoul,,
G-Dragon,Kwon Jiyong,18/08/1988,BIGBANG,19/08/2006,YG,South Korea,,Seoul,GD&TOP,
Genie,Cho Heejin,19/03/2002,TRACER,3/04/2022,Gleamedia,South Korea,,,,
Geonu,Lee Geonwoo,2/02/2001,JUST B,30/06/2021,Bluedot,South Korea,,,,
Geumhee,Han Geumhee,4/03/2005,CSR,27/07/2022,A2Z,South Korea,,Incheon,,
Geummi,Baek Boram,18/06/1988,Crayon Pop,18/07/2012,Chrome,South Korea,,Seoul,,
Gihwan,Kim Gihwan,24/11/1993,SIGNAL,28/08/2019,J-Star,South Korea,,,,
Gijung,Kim Gijung,24/01/2001,IM,4/04/2022,FC ENM,South Korea,,,,
Gikwang,Lee Gikwang,30/03/1990,Highlight,14/10/2009,Around Us,South Korea,,Gwangju,,Beast
Giru,Park Giru,14/08/1991,Blady,16/05/2011,Star Planet,South Korea,,Incheon,,
Giselle,Uchinaga Aeri,30/10/2000,aespa,17/11/2020,SM,Japan,,,,
Giseok,Jun Giseok,2/05/1997,IM,4/04/2022,FC ENM,South Korea,,,,
GK,Kim Kwanghyun,29/09/1998,DKB,3/02/2020,Brave,South Korea,,,,
Go_U,Jang Junho,15/06/2001,BLITZERS,12/05/2021,Wuzo,South Korea,,,,
Goeun,Na Goeun,3/09/1999,Purple Kiss,15/03/2021,RBW,South Korea,,,,
Gohn,Kim Dongsung,1/08/1992,,,,South Korea,,Seoul,,Topp Dogg
Gohyeon,Go Hyeon,1/10/1994,14U,17/04/2017,BG,South Korea,,,,
Gon,Kim Seongjung,13/11/1998,ARGON,11/03/2019,MSH,South Korea,,,,
Gongchan,Gong Chansik,14/08/1993,B1A4,19/04/2010,WM,South Korea,,Suncheon,,
Gowon,Park Chaewon,19/11/2000,LOONA,20/08/2018,Blockberry,South Korea,,,Loona yyxy,
Gowoon,Moon Yujeong,18/12/1998,Berry Good,21/05/2014,Asia Bridge,South Korea,,,,
Gracie,Kim Gaeun,28/10/1996,H.U.B,9/02/2017,New Planet,South Korea,,,,
Gun,Kwak Gun,29/09/2001,14U,17/04/2017,BG,South Korea,,,,
Gunmin,Lee Gunmin,3/10/1994,B.I.G,9/07/2014,GH,South Korea,,Gangwon,,
Gunwoo,Lee Gunwoo,30/01/1989,MYNAME,27/10/2011,H2,South Korea,,Daejeon,,
Gunwoo,Kim Gunwoo,28/05/2002,T1419,21/09/2007,CJ E&M,South Korea,,,,
Gyehyeon,Jo Gyehyeon,14/05/1999,Verivery,1/09/2019,Jellyfish,South Korea,,,,
Gyeongtae,Kwon Gyeongtae,23/07/2000,14U,17/04/2017,BG,South Korea,,,,
Gyujin,Han Gyujin,21/11/1997,UP10TION,10/09/2015,TOP Media,South Korea,,Icheon,,
Gyuri,Jang Gyuri,27/12/1997,,,,South Korea,,Seoul,,fromis_9
Gyuri,Park Gyuri,21/05/1988,KARA,29/03/2007,DSP,South Korea,,Seoul,,
Habin,Yoo Habin,10/03/2002,,,,South Korea,,,,Dreamnote
Haebin,Han Haebin,16/08/1995,Gugudan,28/06/2016,Jellyfish,South Korea,,,,
Haechan,Lee Donghyuk,6/06/2000,NCT,9/04/2016,SM,South Korea,,,NCT 127| NCT Dream,
Haein,Yeom Haein,19/05/1995,LABOUM,27/08/2014,NH,South Korea,,Ojeonggu,,
Haemin,Jung Haemin,16/03/2004,8TURN,30/01/2023,MNH,South Korea,,Cheonan,,
Haena,Jeon Eunbi,19/02/2002,ANS,16/09/2019,ANS,South Korea,,,,
Haena,Lee Haena,2/06/1991,Matilda,18/03/2016,Box,South Korea,,,,
Haeri,Lee Haeri,14/02/1985,Davichi,4/02/2008,CJ E&M,South Korea,,Seoul,,
Haeri,Jung Haeri,14/01/1997,P.O.P,26/07/2017,DWM,South Korea,,Seoul,,
Haerin,Kang Haerin,15/05/2006,NewJeans,22/07/2022,ADOR,South Korea,,Gimcheon,,
Haeryeong,Na Haeryeong,11/11/1994,BESTie,11/07/2013,YNB,South Korea,,,,
Haeun,Yoon Haeun,12/03/1999,3YE,21/05/2019,GH,South Korea,,,,Apple.B
Haeun,Lee Haeun,25/06/2002,ARTBEAT,16/11/2022,AB Creative,South Korea,,,,
Haeun,Lim Haeun,2/11/2008,Lapillus,22/06/2022,MLD,South Korea,,,,
Haewon,Oh Haewon,25/02/2003,NMIXX,22/02/2022,JYP,South Korea,,,,
Haeyeon,Lee Taeyeon,11/01/1994,Gate9,26/01/1999,JYP| SidusHQ,South Korea,,,,
Haeyoon,Park Haeyoon,10/01/1996,Cherry Bullet,21/01/2019,FNC,South Korea,,,,
Hajeong,Lee Hajeong,23/09/1997,,,,South Korea,,,,NeonPunch
Hakmin,Lee Hakmin,20/09/2000,TRCNG,10/10/2017,TS,South Korea,,,,
Hamin,Jo Hamin,24/10/1997,ENOi,19/04/2019,KITHEWHALE,South Korea,,,,
Han,Han Jisung,14/09/2000,Stray Kids,25/03/2018,JYP,South Korea,,Incheon,3RACHA,
Han Geng,Han Geng,9/02/1984,,,,China,,Mudanjiang,,Super Junior
Han Hyeri,Han Hyeri,24/08/1997,I.B.I,29/10/2014,Star Crew,South Korea,,Gwangmyeong,,
Han Leeseul,Han Jiyoon,12/02/2000,Rockit Girl,30/05/2019,Rolling,South Korea,,,,
Hana,Shin Bora,30/04/1993,Gugudan,28/06/2016,Jellyfish,South Korea,,,,
Hana,Hayase Hana,27/02/2000,ILY:1,4/04/2022,FC ENM,Japan,,,,
Hana,Jung Hana,2/02/1990,SECRET,13/10/2009,TS,South Korea,,Uljeongbu,,
Hanbin,Ngo Ngoc Hung,19/01/1998,TEMPEST,2/03/2022,Yuehua,Vietnam,,,,
Hanbyeol,Ahn Hanbyeol,13/10/2003,,,,South Korea,,,,Dreamnote
Hanbyul,Kyung Hanbyul,1/07/2005,PRECIOUS,23/09/2020,Umi,South Korea,,Seoul,,
Handong,Han Dong,26/03/1996,Dreamcatcher,13/01/2017,Happy Face,China,,Wuhan,,
Haneul,Lee Haneul,3/06/1996,ARGON,11/03/2019,MSH,South Korea,,,,
Haneul,Choi Haneul,28/11/2000,Saturday,18/07/2018,SD,South Korea,,,,
Hangyeom,Song Hangyeom,17/07/1996,OMEGA X,17/10/2016,JT Corea,South Korea,,,,7 O'clock
Hangyul,Lee Hangyul,7/12/1999,BAE173,19/11/2020,PocketDol,South Korea,,,,X1| IM
Hani,Ahn Hee-yeon,1/05/1992,EXID,16/02/2012,Yedang,South Korea,,Seoul,,
Hankook,Cho Hankook,3/04/2002,TRENDZ,5/01/2022,Interpark,South Korea,,Seoul,,
Hanna,Shin Jiyeon,19/02/1994,MIXX,2/05/2016,Chiko,South Korea,,,,
Hannah,Bae Hyunyoung,23/10/1999,Queenz Eye,24/10/2022,Big Mountain,South Korea,,Seongnam,,
Hanni,Pham Ngoc Han,6/10/2004,NewJeans,22/07/2022,ADOR,Vietnam,,Melbourne,,
Hanse,Do Hanse,25/09/1997,VICTON,9/11/2016,Plan A,South Korea,,,,
Hansol,Kim Hansol,15/06/1993,,,,South Korea,,Busan,,Topp Dogg
Hanwoom,Byun Hanwoom,5/06/2001,PRECIOUS,23/09/2020,Umi,South Korea,,Seoul,,
Hara†,Koo Hara,13/01/1991,KARA,29/03/2007,DSP,South Korea,,Gwangju,,
Haram,Shin Haram,17/10/2007,BABYMONSTER,0/01/1900,YG,South Korea,,,,
Haram,Kim Haram,13/01/2001,Billlie,10/11/2021,MYSTIC,South Korea,,,,
Hari,,8/04/2005,Girls' World,20/06/2002,Liz,Japan,,Kagoshima,,
Harin,Seo Harin,7/12/2000,BOTOPASS,26/08/2020,WKS ENE,South Korea,,,,
Harin,,21/11/1995,Lusty,26/06/2019,babaplay,South Korea,,Seoul,,
Harin,Ju Harin,29/03/1998,Onewe,9/01/2019,RBW,South Korea,,,,MAS
Harin,Park Guenhye,26/05/2000,Pink Fantasy,28/10/2018,My Doll,South Korea,,,,
Harry-June,Han Harry-June,1/01/2004,DKB,3/02/2020,Brave,South Korea,,,,
Haru,Han Sangsook,6/07/1994,Gate9,26/01/1999,JYP| SidusHQ,South Korea,,Bucheon,,
Haru,Lee Yoojeong,26/02/1997,Ho1iday,26/04/2013,LOEN,South Korea,,,,MyB
Haru,Abe Haruno,21/02/2000,NATURE,3/08/2018,n.CH,Japan,,,,
Haruna,Osato Haruna,30/01/2006,Billlie,10/11/2021,MYSTIC,Japan,,,,
Haruto,Watanabe Haruto,5/04/2004,Treasure,7/08/2020,YG,Japan,,,,
Haseul,Jo Haseul,18/08/1997,LOONA,20/08/2018,Blockberry,South Korea,,Ansan,Loona 1/3,
Havit,Lee Havit,7/06/1999,TRENDZ,5/01/2022,Interpark,South Korea,,Incheon,,
Hayoon,Jung Hayoon,21/11/1998,Bonus Baby,1/01/2017,Maroo,South Korea,,,,MyB
Hayoung,Oh Hayoung,19/07/1996,Apink,19/04/2011,Plan A,South Korea,,Seoul,,
Hayoung,Song Hayoung,29/09/1997,fromis_9,24/01/2018,Off The Record,South Korea,,Gwangju,,
Hayoung,Lee Hayoung,3/08/1993,Playback,25/06/2015,Coridel,South Korea,,,,
Hayoung,Choi Hayoung,22/08/2000,TRCNG,10/10/2017,TS,South Korea,,,,
Hayun,Lee Hayun,29/08/1994,,,,South Korea,,Changwon,,Brave Girls
Hayun,Choi Hayun,16/01/2004,Hi-L,11/08/2021,Kpop Live,South Korea,,Seoul,,
Heechan,Yang Heechan,31/07/1999,DKB,3/02/2020,Brave,South Korea,,,,
Heechul,Kim Heechul,10/07/1983,Super Junior,6/11/2005,SM,South Korea,,Hoengseong,,
Heechul,Jung Heechul,9/12/1989,ZE:A,7/01/2010,Star Empire,South Korea,,Jeju,,
Heedo,Yoon Heedo,22/04/1996,B.I.G,9/07/2014,GH,South Korea,,Seoul,,
Heejin,Song Heejin,19/08/1995,Good Day,30/08/2017,C9,South Korea,,Seoul,,
Heejin,Jeon Heejin,19/10/2000,LOONA,20/08/2018,Blockberry,South Korea,,Seongnam,Loona 1/3|ARTMS,
Heejoo,Jeon Heejoo,30/11/1996,Ho1iday,26/04/2013,LOEN,South Korea,,,,MyB
Heejun,Oh Heejun,8/05/1996,KNK,3/03/2016,YNB,South Korea,,,,
Heeo,Gwak Heeoh,2/05/1994,4TEN,26/08/2014,Jungle,South Korea,,,,
Heeseok,Yun Heeseok,10/06/1997,Limitless,9/07/2019,ONO,South Korea,,,,
Heeseung,Lee Heeseung,15/10/2001,ENHYPEN,30/11/2020,Be:lift,South Korea,,,,
Heesu,Kim Heesu,24/03/1998,Maka Maka,4/08/2020,Dreamus,South Korea,,,,
Heesun,Park Heesun,25/01/2005,Pink Fantasy,28/10/2018,My Doll,South Korea,,,,
Heeyu,Choi Heejae,30/06/1995,MIXX,2/05/2016,Chiko,South Korea,,,,
Henny,Kang Gayoung,1/12/1994,,,,South Korea,,,,MIXX
Henry,Henry Lau,11/10/1989,Super Junior-M,6/11/2005,SM,Canada,Hong Kong| Taiwan,Toronto,,
Heo Chan,Heo Chan,14/12/1995,,,,South Korea,,,,VICTON
High.D,Kim Dohee,21/12/1996,Sonamoo,29/12/2014,TS,South Korea,,Suwon,,
HighTop,Lim Hyeontae,19/03/1994,Bigflo,19/07/2014,HO,South Korea,,,,
Hikaru,Ezaki Hikaru,12/03/2004,Kep1er,1/03/2022,WakeOne,Japan,,,,
Himchan,Kim Himchan,19/04/1990,B.A.P,27/01/2012,TS,South Korea,,Seoul,,
Hina,Nagai Hina,7/04/2003,LIGHTSUM,10/06/2021,Cube,Japan,,Kanagawa,,
Hitomi,Honda Hitomi,6/10/2001,IZ*ONE,29/10/2018,Off The Record,Japan,,Toghichi,,
Hohyeon,Lee Hohyeon,14/10/2001,TRCNG,10/10/2017,TS,South Korea,,,,
Hojoon,Jeon Hojoon,31/10/1992,Topp Dogg,1/04/2020,n.CH,South Korea,,Gwangju,,
Hojung,Go Hojung,20/10/1994,HOTSHOT,29/10/2014,Star Crew,South Korea,,,,
Hongbin,Lee Hongbin,29/09/1993,VIXX,24/05/2012,Jellyfish,South Korea,,Seoul,,
Honggi,Lee Honggi,2/03/1990,FTISLAND,7/06/2007,FNC,South Korea,,Gwangju,,
Hongil,Yoon Hongil,11/01/1999,Astin,16/11/2022,AB Creative,South Korea,,,,
Hongjoong,Kim Hongjoong,7/11/1998,ATEEZ,24/10/2018,KQ,South Korea,,,,
Hongseob,Shim Hongseob,8/01/1998,24K,6/09/2012,Choeun,South Korea,,,,
Hongseok,Yang Hongseok,17/04/1994,PENTAGON,10/10/2016,Cube,South Korea,,,,
Hoon,Yeo Hoonmin,16/08/1991,U-KISS,28/08/2008,NH Media,South Korea,,Namyangju,,
Hoony,Lee Seunghoon,11/01/1992,WINNER,12/08/2014,YG,South Korea,,Busan,,
Hoshi,Kwon Soonyoung,15/06/1996,Seventeen,26/05/2015,Pledis,South Korea,,Namyangju,,
Hoya,Lee Howon,28/03/1991,,,,South Korea,,Busan,Infinite H,Infinite
Hoyoung,Bae Hoyoung,10/08/1998,Verivery,1/09/2019,Jellyfish,South Korea,,,,
Hueningkai,Kai Kamal Huening,14/08/2002,TXT,4/03/2019,Big Hit,USA,South Korea,,,
Hui,Liang Hui,18/07/1995,24K,6/09/2012,Choeun,China,,,,
Hui,Lee Hwitaek,28/08/1993,PENTAGON,10/10/2016,Cube,South Korea,,,,
Huihyeon,Ki Huihyeon,16/06/1995,DIA,14/07/2015,MBK,South Korea,,Namwon,,
Huijun,Noh Huijun,7/10/2003,MCND,27/02/2020,TOP Media,South Korea,,,,
Huiyeon,Oh Huiyeon,1/08/2005,,,,South Korea,,,,LIGHTSUM
Hunter,Papungkorn Lertkiatdamrong,5/10/2005,xikers,30/03/2023,KQ,Thailand,,,,
Hwall,Heo Hyunjoon,9/03/2000,,,,South Korea,,Busan,,The Boyz
Hwanhee,Lee Hwanhee,6/05/1998,UP10TION,10/09/2015,TOP Media,South Korea,,Daejeon,,
Hwani,Jo Sihyeon,16/11/1994,DUSTIN,6/01/2020,LPA,South Korea,,,,
Hwanwoong,Yeo Hwanwoong,26/08/1998,Oneus,9/01/2019,RBW,South Korea,,,,
Hwarang,Park Jonghan,5/12/1995,Spectrum,9/05/2018,WYNN,South Korea,,,,
Hwarang,Son Jaewon,23/04/2001,TEMPEST,2/03/2022,Yuehua,South Korea,,,,
Hwasa,Ahn Hyejin,23/07/1995,Mamamoo,18/06/2014,RBW,South Korea,,Jeonju,,
Hweseung,Yoo Hweseung,28/02/1995,N.Flying,20/05/2015,FNC,South Korea,,,,
Hwi,Lee Choonghyun,4/02/1999,Ciipher,15/03/2021,Rain,South Korea,,,,
Hwi,Jo Mingyu,26/09/2002,Newkidd,25/04/2019,J-FLO,South Korea,,,,
Hwi,Eun Hwi,11/11/2004,TNX,17/05/2022,P NATION,South Korea,,Gangwon,,
Hwichan,Lee Heechan,18/04/1996,Limitless,9/07/2019,ONO,South Korea,,,OMEGA X,
Hwiseo,Jo Hwihyeon,31/07/2002,H1-KEY,5/01/2022,GLG,South Korea,,,,
Hwiyoung,Kim Youngkyun,11/05/1999,SF9,5/10/2016,FNC,South Korea,,,,
Hyangsuk,Lee Hyangsuk,24/04/1991,2EYES,20/07/2013,SidusHQ,South Korea,,Seoul,,
Hyebin,Kim Hyebin,29/03/1997,AREAL,21/08/2020,JZ Factory,South Korea,,,,Rose Finger
Hyebin,Im Hyebin,10/11/1999,Highteen,14/10/2016,Elijah,South Korea,,,,
Hyebin,Lee Hyebin,12/01/1996,MOMOLAND,9/11/2016,Double Kick,South Korea,,Andong,,
Hyein,Lee Hyein,21/04/2008,NewJeans,22/07/2022,ADOR,South Korea,,Incheon,,
Hyejeong,Shin Hyejeong,10/08/1993,AoA,30/07/2012,FNC,South Korea,,Seoul,,
Hyeji,Jeong Hyeji,2/04/1992,4TEN,26/08/2014,Jungle,South Korea,,Seoul,,
Hyejin,Baek Hyejin,21/11/1996,4TEN,26/08/2014,Jungle,South Korea,,Sacheon,,
Hyejin,Kang Hyejin,13/07/2000,CRAXY,3/03/2020,SAITEINMENT,South Korea,,,,
Hyejoo,Park Hyunjoo,12/01/1999,Highteen,14/10/2016,Elijah,South Korea,,,,
Hyeju,Hong Hyeju,9/12/2003,CLASS:y,5/05/2022,Universal,South Korea,,Seoul,,
Hyemi,Pyo Hyemi,3/04/1991,9Muses,12/08/2010,Star Empire,South Korea,,Gwangju,9MUSES A,
Hyemi,Kim Hyemi,10/08/1990,Fiestar,31/08/2012,LOEN,South Korea,,Seoul,,
Hyeoeun,Lee Hyoeun,16/03/1993,Stellar,28/08/2011,Pascal,South Korea,,Seoul,,
Hyeongjun,Song Hyeongjun,30/11/2002,CRAVITY,14/04/2020,Starship,South Korea,,,,X1
Hyeongseok,Chu Hyeongseok,13/09/2000,Astin,16/11/2022,AB Creative,South Korea,,,,
Hyeongshin,Kim Hyungshin,3/05/2002,HOT ISSUE,17/05/2017,FNC,South Korea,,,,
Hyeran,Noh Hyeran,9/04/1993,,,,South Korea,,,,Brave Girls
Hyeri,Lee Hyeri,9/06/1994,Girl's Day,9/07/2010,DreamT,South Korea,,Gwangju,,
Hyerim,Woo Hyerim,1/09/1992,Wonder Girls,13/02/2007,JYP,South Korea,,Seoul,,
Hyerin,Kim Hyerin,13/06/1993,2EYES,20/07/2013,SidusHQ,South Korea,,Seoul,,
Hyerin,Seo Hyerin,23/08/1993,EXID,16/02/2012,Yedang,South Korea,,Gwangju,,
Hyerin,Jeong Hyerin,12/04/2007,tripleS,13/02/2023,MODHAUS,South Korea,,,,
Hyewon,Kang Hyewon,5/07/1999,IZ*ONE,29/10/2018,Off The Record,South Korea,,Yangsan,,
Hyeyeon,Cho Hyeyeon,5/08/2000,,,,South Korea,,,Gugudan Oguogu,Gugudan
Hyeyeon,Kang Hyeyeon,8/12/1990,BESTie,11/07/2013,YNB,South Korea,,,,EXID
Hyogyeong,Jang Hyogyeong,15/11/1999,ARIAZ,23/10/2019,Rising Star,South Korea,,,,
Hyojin,Kim Hyojin,22/04/1994,ONF,2/08/2017,WM,South Korea,,Seoul,,
Hyojung,Choi Hyojung,28/07/1994,Oh My Girl,21/04/2015,WM,South Korea,,Yangyang,,
Hyomin,Park Sunyoung,30/05/1989,T-ara,29/07/2009,MBK,South Korea,,Busan,,
Hyori,Inn Hyori,2/06/2000,mimiirose,16/09/2022,YES IM,South Korea,,,,
Hyorin,Kim Hyojung,11/12/1990,SISTAR,6/03/2010,Starship,South Korea,,,SISTAR19,
Hyosun,Lim Hyosun,10/07/1998,H.U.B,9/02/2017,New Planet,South Korea,,,,Kiwi Band
Hyosung,Jun Hyoseong,13/10/1989,SECRET,13/10/2009,TS,South Korea,,Cheongju,,
Hyoyeon,Kim Hyoyeon,22/09/1989,SNSD,4/08/2021,Good Luck,South Korea,,Incheon,,
Hyuk,Yang Hyuk,15/03/2000,OMEGA X,17/10/2016,JT Corea,South Korea,,,,ENOi
Hyuk,Koo Bonhyuk,17/04/2000,TEMPEST,2/03/2022,Yuehua,South Korea,,,,
Hyuk,Han Sanghyuk,5/07/1995,VIXX,24/05/2012,Jellyfish,South Korea,,Daejeon,Big Byung,
Hyukjin,Jang Hyukjin,20/12/1993,100%,18/09/2012,TOP Media,South Korea,,Busan,,
Hyun,Park Sunghyun,25/08/1997,7 O'clock,26/08/2014,Jungle,South Korea,,Suwon,,
Hyuna,Moon Hyuna,19/01/1987,,,,South Korea,,Yeosu,,9Muses
HyunA,Kim Hyuna,6/06/1992,4minute,15/06/2009,Cube,South Korea,,Jeolla,,Wonder Girls
Hyunbin,Moon Hyunbin,26/02/2000,Ciipher,15/03/2021,Rain,South Korea,,,,
Hyunbin,Kwon Hyunbin,4/03/1997,JBJ,18/10/2017,Fave,South Korea,,Seoul,,
Hyunbin,Kim Hyunbin,26/05/2004,TRI.BE,17/02/2021,TR - Mellow,South Korea,,,,
Hyungseo,Myeong Hyeongseo,25/06/2001,CLASS:y,5/05/2022,Universal,South Korea,,,,Busters
Hyungseok,Song Hyungseok,6/11/2002,YOUNITE,20/04/2022,Brand New,South Korea,,,,
Hyungseop,Ahn Hyungseop,9/08/1999,TEMPEST,2/03/2022,Yuehua,South Korea,,,HyeongseopXEuiwoong,
Hyungsik,Park Hyungsik,16/11/1991,ZE:A,7/01/2010,Star Empire,South Korea,,Yongin,,
Hyungwon,Chae Hyungwon,15/01/1994,MONSTA X,14/05/2014,Starship,South Korea,,Gwangju,,
Hyunho,Lee Hyunho,4/11/1998,D-CRUNCH,6/08/2018,All-S,South Korea,,,,
Hyunjae,Lee Jaehyun,13/09/1997,The Boyz,31/12/2017,Cre.Ker,South Korea,,,,
Hyunji,Kim Hyunji,30/06/1992,Hash Tag,11/10/2017,LUK,South Korea,,,,
Hyunjin,Kim Hyunjin,15/11/2000,LOONA,20/08/2018,Blockberry,South Korea,,Jeonju,Loona 1/3,
Hyunjin,Hwang Hyunjin,20/03/2000,Stray Kids,25/03/2018,JYP,South Korea,,Seoul,,
Hyunjoo,Lee Hyunjoo,5/02/1998,UNI.T,18/05/2018,Unit Culture,South Korea,,Seoul,,APRIL
Hyunjun,Bae Hyunjun,6/06/2003,ATBO,27/07/2022,IST,South Korea,,Seoul,,
Hyunjun,Lee Hyunjun,21/12/1999,IZ,31/08/2017,Music K,South Korea,,,,
Hyunkyung,Kim Hyunjong,5/09/1998,Romeo,4/11/2015,CT,South Korea,,,,
Hyunmin,Byun Hyunmin,17/04/1999,,,,South Korea,,,,RAINZ
Hyunoh,Park Hyunoh,12/02/1999,D-CRUNCH,6/08/2018,All-S,South Korea,,,,
Hyunseo,Go Hyunseo,17/06/1999,,,,South Korea,,,,G-reyish
Hyunseong,Shim Hyunseong,9/06/1993,Boyfriend,26/05/2011,Starship,South Korea,,Yeongcheon,,
Hyunseung,Jang Hyunseung,3/09/1989,,,,South Korea,,Suncheon,Troublemaker,Beast
Hyunseung,Kim Hyunseung,15/10/2002,YOUNITE,20/04/2022,Brand New,South Korea,,,,
Hyunsik,Lim Hyunsik,7/03/1992,BtoB,21/03/2012,Cube,South Korea,,Ilsan,,
Hyunsoo,Kim Hyunsoo,12/04/1995,D1CE,1/08/2019,Happyface,South Korea,,,,
Hyunsoo,Jang Hyunsoo,16/09/2003,TNX,17/05/2022,P NATION,South Korea,,Sangju,,
Hyunsuk,Yoon Hyunsuk,8/09/2001,CIX,23/07/2019,C9,South Korea,,,,
Hyunsuk,Choi Hyunsuk,21/04/1999,Treasure,7/08/2020,YG,South Korea,,Daegu,,
Hyunuk,Han Hyunuk,26/09/1994,IN2IT,27/01/2016,Star Empire,South Korea,,,,
Hyunwoo,Baek Hyunwoo,19/03/1999,D-CRUNCH,6/08/2018,All-S,South Korea,,,,
Hyunwoo,Kim Hyunwoo,21/01/2001,TRCNG,10/10/2017,TS,South Korea,,,,
Hyunwoo,Choi Hyunwoo,4/12/2004,xikers,30/03/2023,KQ,South Korea,,Gangwon,,
Hyunwook,Ji Hyunwook,1/07/1998,D-CRUNCH,6/08/2018,All-S,South Korea,,,,
Hyunwoong,Kim Hyunwoong,8/02/1998,14U,17/04/2017,BG,South Korea,,,,
Hyunyoung,Cho Hyunyoung,11/08/1991,Rainbow,12/11/2009,DSP,South Korea,,Seoul,Rainbow Blaxx| Rainbow Pixie,
I,Cha Yoonji,2/12/1996,,,,South Korea,,Busan,,
I.L,Kim Jiwon,1/07/1997,IRRIS,6/07/2022,Mellow,South Korea,,Daegu,,Good Day| RedSquare
I.M,Lim Changkyun,26/01/1996,MONSTA X,14/05/2014,Starship,South Korea,,Gwangju,,
I.N,Yang Jeongin,8/02/2001,Stray Kids,25/03/2018,JYP,South Korea,,Busan,,
Iaan,Yoo Dongju,22/03/2002,XUM,22/09/2020,A100,South Korea,,,,NeonPunch
Ida,Ko Chaeyoung,19/05/2000,MAJORS,9/03/2021,ANS,South Korea,,,,
Ilhoon,Jung Ilhoon,4/10/1994,BtoB,21/03/2012,Cube,South Korea,,Seoul,,
Inho,Hwang Inho,21/06/1993,IN2IT,27/01/2016,Star Empire,South Korea,,,,
Inpyo,Lee Inpyo,14/08/1995,IN2IT,27/01/2016,Star Empire,South Korea,,,,
Inseong,Jeong Inseong,1/07/1994,KNK,3/03/2016,YNB,South Korea,,,,
Inseong,Kim Inseong,12/07/1993,SF9,5/10/2016,FNC,South Korea,,,,
Insoo,Kang Insoo,10/03/1988,MYNAME,27/10/2011,H2,South Korea,,Suwon,,
Intak,Hwang Intak,31/08/2003,P1Harmony,28/10/2020,FNC,South Korea,,,,
Ireh,Cho Seoyoung,30/04/2002,Purple Kiss,15/03/2021,RBW,South Korea,,,,
Irene,Bae Juhyun,29/03/1991,Red Velvet,1/08/2014,SM,South Korea,,Daegu,Red Velvet - IRENE SEULGI,
Isa,Lee Chaeyoung,23/01/2002,STAYC,12/11/2020,Hi-Up,South Korea,,Busan,,
Isaac,Voo Isaak,12/12/1994,IN2IT,27/01/2016,Star Empire,Malaysia,,,,
Isol,,1/05/1997,Lusty,26/06/2019,babaplay,South Korea,,Seoul,,
IU,Lee Jieun,16/05/1993,,,,South Korea,,Seoul,,
Ivan,Park Yooseong,12/10/2001,Kingdom,18/02/2021,GF,South Korea,,,,
J,Lee Yeji,12/02/1998,ANS,16/09/2019,ANS,South Korea,,,,
J,Jang Yeeun,9/12/2004,STAYC,12/11/2020,Hi-Up,South Korea,,Daejeon,,
J.Min,Shin Minjung,20/11/1994,Tiny-G,23/08/2012,GNG,South Korea,,,,
J.seph,Kim Taehyung,21/06/1992,KARD,29/03/2007,DSP,South Korea,USA,,,
J.YOU,Kim Jaeyu,2/11/2000,TOO,1/04/2020,n.CH,South Korea,,,,
Jackie,Kang Chaeyeon,17/11/2001,ICHILLIN',8/09/2021,KM,USA,South Korea,Los Angeles,,
Jackson,Jackson Wang,28/03/1994,GOT7,16/01/2014,JYP,Hong Kong,,Hong Kong,,
Jacob,Bae Joonyoung,30/05/1997,The Boyz,31/12/2017,Cre.Ker,South Korea,Canada,Toronto,,
Jacob,Zhang Peng,7/09/1996,VAV,31/10/2015,A team,China,,,,
Jae,Park Jaehyung,15/09/1992,DAY6,7/09/2015,JYP,South Korea,Argentina|USA,Buenos Aires,,
Jaebin,Deung Bin,13/02/1997,VARSITY,5/01/2017,GKC,China,,Hunan,,
Jaechan,Park Jaechan,6/12/2001,Dongkiz,24/04/2019,Dongyo,South Korea,,,,
Jaehan,Kim Jaehan,1/07/1995,OMEGA X,17/10/2016,JT Corea,South Korea,,,,Spectrum
Jaehee,Lee Jaehee,18/03/2004,Weeekly,30/07/2020,Play M,South Korea,,,,
Jaeho,Kim Jaeho,17/09/1992,HISTORY,26/04/2013,LOEN,South Korea,,,,
Jaehwan,Kim Jaehwan,27/05/1996,Wanna One,7/08/2017,YMC,South Korea,,Seoul,,
Jaehyo,Ahn Jaehyo,23/12/1990,Block B,15/04/2011,KQ,South Korea,,Busan,,
Jaehyuk,Yoon Jaehyuk,23/07/2001,Treasure,7/08/2020,YG,South Korea,,,,
Jaehyun,Bong Jaehyun,4/01/1999,Golden Child,28/08/2017,Woollim,South Korea,,,,
Jaehyun,Kim Jaehyun,15/07/1994,N.Flying,20/05/2015,FNC,South Korea,,Seoul,,
Jaehyun,Jung Yoonoh,14/02/1997,NCT,9/04/2016,SM,South Korea,,Seoul,NCT U| NCT 127,
Jaejin,Lee Jaejin,17/12/1991,FTISLAND,7/06/2007,FNC,South Korea,,Cheongju,,
Jaejoong,Kim Jaejoong,26/01/1986,JYJ,8/09/2010,C-JeS,South Korea,,Gongju,,TVXQ
Jaekyung,Kim Jaekyung,24/12/1988,Rainbow,12/11/2009,DSP,South Korea,,Seoul,Rainbow Blaxx,
Jaemin,Na Jaemin,13/08/2000,NCT,9/04/2016,SM,South Korea,,,NCT Dream,
Jaemin,Shin Jaemin,8/06/1996,XEED,1/12/2022,Nature Space,South Korea,,,,
Jaeseok,Park Jaeseok,20/11/1995,,,,South Korea,,,,Golden Child
Jaeun,Ha Jaeun,28/09/1999,ARGON,11/03/2019,MSH,South Korea,,,,
Jaeyoon,Lee Jaeyoon,9/08/1994,SF9,5/10/2016,FNC,South Korea,,,,
Jaeyun,Moon Jaeyun,2/07/2002,8TURN,30/01/2023,MNH,New Zealand,South Korea,,,
Jaeyun,Lee Jaeyun,16/08/2000,TOO,1/04/2020,n.CH,South Korea,,,,
Jahan,Im Jihun,1/08/2002,Kingdom,18/02/2021,GF,South Korea,,,,
Jake,Shim Jaeyoon,15/11/2002,ENHYPEN,30/11/2020,Be:lift,South Korea,Australia,,,
Jamie,Park Jimin,5/07/1997,15&,5/10/2012,JYP,South Korea,,Junggu,,
Jane,Sung Jiyeon,20/12/1997,MOMOLAND,9/11/2016,Double Kick,South Korea,,Changwon,,
Jangjun,Lee Jangjun,3/03/1997,Golden Child,28/08/2017,Woollim,South Korea,,,,
Jay,Park Jongsung,20/04/2002,ENHYPEN,30/11/2020,Be:lift,South Korea,United States,,,
Jay,Kim Jinhwan,7/02/1994,iKON,15/09/2015,YG,South Korea,,Jeju,,
JB,Im Jaebum,6/01/1994,GOT7,16/01/2014,JYP,South Korea,,Goyang,,
Jea,Kim Hyojin,18/09/1981,Brown Eyed Girls,2/03/2006,Mystic,South Korea,,,,
Jeewon,Kim Jiwon,1/04/1999,Cignature,4/02/2020,C9,South Korea,,Busan,,Good Day
Jeff,Lee Jaeho,21/04/2005,EPEX,8/06/2021,C9,South Korea,,,,
Jehyun,Moon Jehyun,20/04/1999,OMEGA X,17/10/2016,JT Corea,South Korea,,,,1TEAM
Jei,Kim Jinhee,5/09/1989,Fiestar,31/08/2012,LOEN,South Korea,,Bucheon,,
Jen,Kim Yehyeon,27/03/1997,UNVS,23/02/2020,CHITWN,South Korea,,,,
Jenissi,Kim Taeyang,2/08/1991,,,,South Korea,,Seoul,,Topp Dogg
Jenna,Kim Minji,6/10/2006,Queenz Eye,24/10/2022,Big Mountain,South Korea,,Changwon,,
Jennie,Kim Jennie,16/01/1996,BLACKPINK,8/08/2016,YG,South Korea,,Anyang,,
Jenny,Lee Soyul,4/09/1996,,,,South Korea,,Seoul,,DIA
Jeno,Lee Jeno,23/04/2000,NCT,9/04/2016,SM,South Korea,,,NCT Dream,
Jeon Woong,Jeon Woong,15/10/1997,AB6IX,22/05/2019,Brand New,South Korea,,,,
Jeonggyu,Lim Jeonggyu,5/11/1997,7 O'clock,26/08/2014,Jungle,South Korea,,,,
Jeonghan,Yoon Jeonghan,4/10/1995,Seventeen,26/05/2015,Pledis,South Korea,,Seoul,,
Jeonghee,Go Jeonghee,11/03/2000,Favorite,5/07/2017,Astory,South Korea,,Incheon,,
Jeongkyun,Jeong Jeongkyun,27/11/1987,,,,South Korea,,,,N-Train| Bigflo
Jeongmin,Lee Jeongmin,1/02/1994,Boyfriend,26/05/2011,Starship,South Korea,,Suwon,,
Jeongseung,Park Jeongseung,20/05/2002,D-CRUNCH,6/08/2018,All-S,South Korea,,,,
Jeonguk,Kim Jeonguk,20/03/1993,24K,6/09/2012,Choeun,South Korea,,Busan,,
Jeongwoo,Park Jeongwoo,28/09/2004,Treasure,7/08/2020,YG,South Korea,,,,
Jeongyeon,Yoo Jeongyeon,1/11/1996,Twice,20/10/2015,JYP,South Korea,,Suwon,,
Jeonyul,Jeon Yuri,20/03/1994,Stellar,28/08/2011,Pascal,South Korea,,Seoul,,
Jerome,Oh Sungmin,25/08/2001,TOO,1/04/2020,n.CH,South Korea,,,,
Jerrry,Ahn Sohyun,27/08/1992,Tahiti,23/06/2012,J-line,South Korea,,Seoul,,
Jessica,Jessica Jung,18/04/1989,,,,South Korea,,,,SNSD
Jewon,Woo Jewon,28/11/1998,NINE.i,30/03/2022,FirstOne,South Korea,,,,
J-Hoon,Lim Junghoon,15/07/1990,B.I.G,9/07/2014,GH,South Korea,,Seoul,,
J-Hope,Jung Hoseok,18/02/1994,BTS,13/06/2013,Big Hit,South Korea,,Gwangju,,
Ji Hansol,Ji Hansol,21/11/1994,Newkidd,25/04/2019,J-FLO,South Korea,,Busan,,UNB
Jia,Yoon Jia,16/01/2004,mimiimiii,27/04/2015,Midas,South Korea,,Incheon,,
Jia,Yoon Jia,16/01/2004,mimiirose,16/09/2022,YES IM,South Korea,,Incheon,,
Jia,Meng Jia,3/02/1989,miss A,1/07/2010,JYP,China,,Changja,,
Jia,Guo Jiajia,30/07/2005,TRI.BE,17/02/2021,TR - Mellow,China,,,,
Jiae,Yoo Jiae,21/05/1993,Lovelyz,17/11/2014,Woollim,South Korea,,Seoul,,
Jiae,Kim Jiae,31/10/1995,Wassup,7/08/2013,Mafia,South Korea,,,,
Jiahn,Yoo Jiahn,1/04/1992,IN2IT,27/01/2016,Star Empire,South Korea,,,,
Jian,Kim Jian,4/11/2006,,,,South Korea,,,,LIGHTSUM
Jian,Kwon Jieun,14/03/2001,LUNARSOLAR,2/09/2020,J Planet,South Korea,,,,S.E.T
Jibeom,Kim Jibeom,3/02/1999,Golden Child,28/08/2017,Woollim,South Korea,,,,
Jieun,Park Jieun,4/09/1997,,,,South Korea,,,,Purple Kiss
Jieun,Choi Jieun,3/03/2001,Bling Bling,17/11/2020,Major9,South Korea,,,,
Jieun,Song Jieun,5/05/1990,SECRET,13/10/2009,TS,South Korea,,Seoul,,
Jihan,Han Jihyo,12/07/2004,Weeekly,30/07/2020,Play M,South Korea,,,,
Jiheon,Baek Jiheon,17/04/2003,fromis_9,24/01/2018,Off The Record,South Korea,,Jeolla,,
Jiho,Kim Jiho,4/04/1997,,,,South Korea,,Okcheon,,Oh My Girl
Jiho,Jang Jiho,10/08/2004,NINE.i,30/03/2022,FirstOne,South Korea,,Gyeonggi,,
Jihoo,Lim Soojung,5/08/1998,IZ,31/08/2017,Music K,South Korea,,,,
Jihoon,Park Jihoon,14/03/2000,Treasure,7/08/2020,YG,South Korea,,Busan,,
Jihoon,Park Jihoon,29/05/1999,Wanna One,7/08/2017,YMC,South Korea,,Masan,,
Jihun,Kim Jihun,20/02/1995,KNK,3/03/2016,YNB,South Korea,,,,
Jihun,Kim Jihun,9/01/2000,TRCNG,10/10/2017,TS,South Korea,,Daegu,,
Jihyo,Lee Jihyo,22/04/2001,PRECIOUS,23/09/2020,Umi,South Korea,,Gyeonggi,,
Jihyo,Park Jisoo,1/02/1997,Twice,20/10/2015,JYP,South Korea,,Guri,,
Jihyun,Nam Jihyun,9/01/1990,4minute,15/06/2009,Cube,South Korea,,Seoul,,
Jimin,Shin Jimin,8/01/1991,,,,South Korea,,Seoul,AOA BLACK,AoA
Jimin,Park Jimin,13/10/1995,BTS,13/06/2013,Big Hit,South Korea,,Busan,,
Jimin,Won Jimin,25/11/2007,CLASS:y,5/05/2022,Universal,South Korea,,,,
Jin,Kim Seokjin,4/12/1992,BTS,13/06/2013,Big Hit,South Korea,,Gwacheon,,
JIN,Park Myungeun,12/06/1996,Lovelyz,17/11/2014,Woollim,South Korea,,Busan,,
Jin Jin,Park Jinwoo,15/03/1996,ASTRO,23/02/2016,Fantagio,South Korea,,Nowon,,
JinE,Shin Hyejin,22/01/1995,,,,South Korea,,Pohang,,Oh My Girl
Jingyu,Lee Jingyu,22/04/1998,Astin,16/11/2022,AB Creative,South Korea,,,,
Jinha,Kim Jinha,21/11/2003,TRI.BE,17/02/2021,TR - Mellow,South Korea,,,,
Jinho,Jo Jinho,17/04/1992,PENTAGON,10/10/2016,Cube,South Korea,,,,
Jinhong,Kim Jinhong,2/01/1998,24K,6/09/2012,Choeun,South Korea,,Seoul,,
Jinhoo,Kim Jinwook,2/08/1995,UP10TION,10/09/2015,TOP Media,South Korea,,Changwon,,
Jinhui,,21/11/1996,Lusty,26/06/2019,babaplay,South Korea,,Seongnam,,
Jinhwa,Choi Jinhwa,15/01/2002,BLITZERS,12/05/2021,Wuzo,South Korea,,,,
Jinju,Park Jinju,28/04/1990,,,,South Korea,,,,Wassup
Jinkwon,Kim Jinkwon,31/01/2001,Newkidd,25/04/2019,J-FLO,South Korea,,,,
Jinni,Choi Yujin,16/04/2004,,,,South Korea,,,,NMIXX
Jinny,Park Jinhee,19/01/1998,SECRET NUMBER,19/05/2020,Vine,South Korea,USA,California,,
Jinsik,Han Jinsik,30/07/2004,xikers,30/03/2023,KQ,South Korea,,Incheon,,
Jinsol,Lee Jinsol,4/12/2001,APRIL,24/08/2015,DSP,South Korea,,Andong,,
JinSoul,Jung Jinsol,13/06/1997,LOONA,20/08/2018,Blockberry,South Korea,,,Loona Odd Eye Circle| ARTMS,
Jinsung,Jung Jinsung,30/03/2002,1the9,9/02/2019,MBK,South Korea,,Seoul,,
Jinu,Kim Jinwoo,26/09/1991,WINNER,12/08/2014,YG,South Korea,,Imja,,
Jinwoo,Lee Jinwoo,13/09/2004,Ghost9,23/09/2020,Maroo,South Korea,,,TEEN TEEN,
Jinyoung,Jung Jinyoung,18/11/1991,,,,South Korea,,Chungju,,B1A4
Jinyoung,Bae Jinyoung,10/05/2000,CIX,23/07/2019,C9,South Korea,,Seoul,,Wanna One
Jinyoung,Woo Jinyoung,31/05/1997,D1CE,1/08/2019,Happyface,South Korea,,,,
Jinyoung,Park Jinyoung,22/09/1994,GOT7,16/01/2014,JYP,South Korea,,Changwon,,
Jisan,Choi Jinsang,3/11/1999,Hot Blood Youth,17/05/2017,FNC,South Korea,,,,
Jisoo,Kim Jisoo,3/01/1995,BLACKPINK,8/08/2016,YG,South Korea,,Seoul,,
Jisoo,Jung Jisoo,22/11/2003,Busters,27/11/2017,JTG,South Korea,,,,
Jisoo,Seo Jisoo,11/02/1994,Lovelyz,17/11/2014,Woollim,South Korea,,Incheon,,
Jisoo,Shin Jisoo,28/02/1994,Tahiti,23/06/2012,J-line,South Korea,,Chuncheon,,
Jisook,Kim Jisook,18/07/1990,Rainbow,12/11/2009,DSP,South Korea,,Suwon,Rainbow Pixie,
Jisu,Choi Jisu,19/01/2000,TOO,1/04/2020,n.CH,South Korea,,,,
Jisun,Roh Jisun,23/11/1998,fromis_9,24/01/2018,Off The Record,South Korea,,Seoul,,
Jisun,Hwang Jisun,17/10/1989,S#aFLA,14/07/2021,Winnerzone,South Korea,,,,Girl's Day| New F.O
Jisung,Park Jisung,5/02/2002,NCT,9/04/2016,SM,South Korea,,,NCT Dream,
Jisung,Kim Jisung,21/12/2000,TRCNG,10/10/2017,TS,South Korea,,,,
Jisung,Yoon Jisung,8/03/1991,Wanna One,7/08/2017,YMC,South Korea,,Wonju,,
Jiu,Kim Minji,17/05/1994,Dreamcatcher,13/01/2017,Happy Face,South Korea,,Daejeon,,Minx
Jiung,Choi Jiwoong,7/10/2001,P1Harmony,28/10/2020,FNC,South Korea,,,,
Jiwon,Park Jiwon,17/03/1997,BOTOPASS,26/08/2020,WKS ENE,South Korea,,,,ILUV
Jiwon,Heo Jiwon,4/09/2000,Cherry Bullet,21/01/2019,FNC,South Korea,,,,
Jiwon,Park Jiwon,20/03/1998,fromis_9,24/01/2018,Off The Record,South Korea,,Busan,,
Jiwon,Yang Jiwon,5/04/1988,UNI.T,18/05/2018,Unit Culture,South Korea,,Seoul,SPICA-S,SPICA
Jiwoo,Jeon Jiwoo,4/10/1996,KARD,29/03/2007,DSP,South Korea,,,,
Jiwoo,Kim Jiwoo,13/04/2005,NMIXX,22/02/2022,JYP,South Korea,,,,
Jiwoo,Lee Jiwoo,24/10/2005,tripleS,13/02/2023,MODHAUS,South Korea,,,,
Jiyeon,Park Jiyeon,7/06/1993,T-ara,29/07/2009,MBK,South Korea,,Seoul,,
Jiyoon,Shin Jiyoon,2/03/2002,,,,South Korea,,,,Weeekly
Jiyoon,Jeon Jiyoon,15/10/1990,4minute,15/06/2009,Cube,South Korea,,Seoul,2YOON,
Jiyoon,Woo Jiyoon,6/01/1996,Bolbbalgan4,22/04/2016,Shofar,South Korea,,Yeongju,,
Jiyoon,Jeong Jiyoon,15/09/2000,ICHILLIN',8/09/2021,KM,South Korea,,,,
Jiyou,Im Changsook,15/06/1989,Two X,20/08/2012,J. Tune,South Korea,,,,
Jiyoung,Ahn Jiyoung,14/09/1995,Bolbbalgan4,22/04/2016,Shofar,South Korea,,Yeongju,,
Jiyoung,Kang Jiyoung,18/01/1994,KARA,29/03/2007,DSP,South Korea,,Paju,,
Jiyul,Yang Jungyoon,30/07/1991,,,,South Korea,,Seoul,,Dal Shabet
JJ,Jun Jihyeok,11/12/1998,DUSTIN,6/01/2020,LPA,South Korea,,,,
JK,Kim Jikang,17/03/1998,Girlkind,16/01/2018,Nextlevel,South Korea,,,,
JM,Chu Jimin,11/10/2001,JUST B,30/06/2021,Bluedot,South Korea,,,,
J-Min,Jeon Minwook,16/10/1999,BAE173,19/11/2020,PocketDol,South Korea,,,,
Johnny,John Seo,9/02/1995,NCT,9/04/2016,SM,USA,,Chicago,NCT 127,
Johyun,Shin Jiwon,14/04/1996,Berry Good,21/05/2014,Asia Bridge,South Korea,,,,
Jongho,Choi Jongho,12/10/2000,ATEEZ,24/10/2018,KQ,South Korea,,,,
Jonghoon,Choi Jonghoon,7/03/1990,FTISLAND,7/06/2007,FNC,South Korea,,Seoul,,
Jonghwan,Jo Jonghwan,23/11/1992,100%,18/09/2012,TOP Media,South Korea,,Seoul,,
Jonghyeong,Kim Jonghyeong,13/04/2002,Dongkiz,24/04/2019,Dongyo,South Korea,,,,
Jonghyun,Lee Jonghyun,15/05/1990,CNBLUE,14/01/2010,FNC,South Korea,,Busan,,
Jonghyun†,Kim Jonghyun,8/04/1990,,,,South Korea,,Seoul,,SHINee
Jongseob,Kim Jongseob,19/11/2005,P1Harmony,28/10/2020,FNC,South Korea,,,,
Jongup,Moon Jongup,6/02/1995,B.A.P,27/01/2012,TS,South Korea,,Seoul,,
JOO,Jung Minjoo,11/10/1990,,,,South Korea,,Seoul,,
Joo E,Lee Joowon,18/08/1999,MOMOLAND,9/11/2016,Double Kick,South Korea,,Bucheon,,
JooA,Lee Juhyun,4/03/2002,Hi-L,11/08/2021,Kpop Live,South Korea,,,,
Jooan,Im Jimyoung,4/10/1996,We In The Zone,27/05/2019,Choon,South Korea,,Dongtan,,
Joochan,Hong Joochan,31/07/1999,Golden Child,28/08/2017,Woollim,South Korea,,,,
Jooheon,Lee Jooheon,6/10/1994,MONSTA X,14/05/2014,Starship,South Korea,,Daegu,,
Joohyoung,Kim Joohyoung,15/03/2003,NINE.i,30/03/2022,FirstOne,South Korea,,,,
Joonie,Park Junhee,24/05/2002,ICHILLIN',8/09/2021,KM,USA,South Korea,,,
Jooyeon,Lee Jooyeon,19/03/1987,,,,South Korea,,Seoul,,After School
Joshua,Hong Jisoo,30/12/1995,Seventeen,26/05/2015,Pledis,USA,South Korea,Los Angeles,,
Joy,Park Sooyoung,3/09/1996,Red Velvet,1/08/2014,SM,South Korea,,Jeju,,
JR,Kim Jonghyun,8/06/1995,NU'EST,15/03/2012,Pledis,South Korea,,Gangwon,NU'EST W,
Judy,Kim Dahye,16/05/1995,Blackswan,16/10/2020,DR,South Korea,,,,
Jueun,Jo Jueun,27/01/2001,ARIAZ,23/10/2019,Rising Star,South Korea,,,,
Jueun,Lee Jooeun,7/07/1995,DIA,14/07/2015,MBK,South Korea,,Suwon,BinChaenHyunSeuS,
Juhaknyeon,Ju Haknyeon,9/03/1999,The Boyz,31/12/2017,Cre.Ker,South Korea,,Jeju,,
Juhan,Hong Seunghyun,21/06/2001,BLITZERS,12/05/2021,Wuzo,South Korea,,,,
Juhyeon,Lee Juhyeon,8/04/2004,LIGHTSUM,10/06/2021,Cube,South Korea,,,,
Juhyun,Cha Juhyun,1/04/2000,Bling Bling,17/11/2020,Major9,South Korea,,,,
Juju,Park Juyoung,3/01/1996,Gate9,26/01/1999,JYP| SidusHQ,South Korea,,Changwon,,
Jukang,Lee Hyowon,22/11/2002,JWiiver,17/02/2022,JTG,South Korea,,Daegu,,
Jun,Park Junhee,2/06/1994,A.C.E,23/05/2017,Beat,South Korea,,Jeolla,,
Jun,Weng Junhui,10/06/1996,Seventeen,26/05/2015,Pledis,China,,Shenzen,,
Jun,Lee Junyoung,22/01/1997,U-KISS,28/08/2008,NH Media,South Korea,,,,
Jun H.,Im Joonhyun,28/08/1991,UNVS,23/02/2020,CHITWN,South Korea,,,,
Jun Jin,Park Choongjae,19/08/1980,Shinhwa,24/03/1998,SM| Good| Shinhwa,South Korea,,Seoul,,
Jun. K,Kim Minjun,15/01/1988,2PM,4/07/2008,JYP,South Korea,,Daegu,,
Ju-ne,Koo Junhoe,31/03/1997,iKON,15/09/2015,YG,South Korea,,Seoul,,
Jungah,Kim Jungah,2/08/1983,,,,South Korea,,Incheon,,After School
Junghoon,Lee Junghoon,4/07/2000,1TEAM,27/03/2019,LiveWorks,South Korea,,,,
Junghoon,Han Jeonghoon,14/02/2000,OMEGA X,17/10/2016,JT Corea,South Korea,,,,ENOi
Junghoon,Kim Junghoon,5/07/2005,xikers,30/03/2023,KQ,South Korea,,,,
Junghun,Jang Junghun,27/02/1999,Astin,16/11/2022,AB Creative,South Korea,,,,
Junghwa,Park Junghwa,8/05/1995,EXID,16/02/2012,Yedang,South Korea,,Anyang,,EXID
Junghwan,So Junghwan,18/02/2005,Treasure,7/08/2020,YG,South Korea,,,,
Jungkook,Jeon Jungkook,1/09/1997,BTS,13/06/2013,Big Hit,South Korea,,Busan,,
Jungmo,Koo Jungmo,5/02/2000,CRAVITY,14/04/2020,Starship,South Korea,,,,
Jungshin,Lee Jungshin,15/09/1991,CNBLUE,14/01/2010,FNC,South Korea,,,,
Jungwon,Yang Jungwon,9/02/2004,ENHYPEN,30/11/2020,Be:lift,South Korea,,,,
Jungwoo,Uhm Jungwoo,2/04/1999,BVNDIT,10/04/2019,MNH,South Korea,,,,
Jungwoo,Kim Jungwoo,19/02/1998,NCT,9/04/2016,SM,South Korea,,,,
Junho,Lee Junho,25/01/1990,2PM,4/07/2008,JYP,South Korea,,Ilsan,,
Junho,Cha Junho,9/07/2002,DRIPPIN,26/10/2020,Woollim,South Korea,,,,X1
Junhyeok,Kim Junhyeok,17/07/1993,,,,South Korea,,,,DAY6
Junhyeok,Cheon Junhyeok,20/09/2004,TNX,17/05/2022,P NATION,South Korea,,Gyeonggi,,
Junhyuk,Choi Junhyuk,21/04/1992,HOTSHOT,29/10/2014,Star Crew,South Korea,,Ulsan,,
Junhyuk,Lee Junhyuk,16/05/2000,Mirae,17/03/2021,DSP,South Korea,,Seoul,,
Junhyung,Son Junhyung,21/10/2000,Ghost9,23/09/2020,Maroo,South Korea,,,,
Junhyung,Yong Junyung,19/12/1989,Highlight,14/10/2009,Around Us,South Korea,,Seoul,,Beast
Junji,Kim Junhyung,6/04/1998,OnlyOneOf,28/05/2019,RSVP,South Korea,,,,
Junkyu,Kim Junkyu,9/09/2000,Treasure,7/08/2020,YG,South Korea,,,,
Junmin,Ryu Junmin,5/04/2003,ATBO,27/07/2022,IST,South Korea,,Jinju,,
Junmin,Park Junmin,24/05/2003,xikers,30/03/2023,KQ,South Korea,,Seoul,,
JunQ,Kang Junkyu,9/08/1993,MYNAME,27/10/2011,H2,South Korea,,Uljeongbu,,
Junseo,Park Junseo,28/12/2001,BAE173,19/11/2020,PocketDol,South Korea,,,,
Junseo,Hwang Junseo,16/01/2001,DKB,3/02/2020,Brave,South Korea,,,,
Junseo,Kim Junseo,20/11/2001,WEi,5/10/2020,OUI,South Korea,,Ulsan,,1the9
Junseok,Oh Junseok,3/03/2003,ATBO,27/07/2022,IST,South Korea,,Jeju,,
Junseong,Choi Junseong,29/09/2002,Ghost9,23/09/2020,Maroo,South Korea,,,,
Juntae,Kim Juntae,4/09/1995,MY.st,26/03/2020,MYStar,South Korea,,,,
Junwook,Kim Junwook,10/01/2002,TheEastLight,15/11/2018,Stardium,South Korea,,,,
Junyoung,Lee Junyoung,23/09/2000,IZ,31/08/2017,Music K,South Korea,,,,
Juri,Takahashi Juri,3/10/1997,Rocket Punch,7/08/2019,Woollim,Japan,,,,
J-Us,Lee Seungjoon,13/01/1995,ONF,2/08/2017,WM,South Korea,,Seoul,,
Juyeon,Lee Juyeon,6/11/2001,Saturday,18/07/2018,SD,South Korea,,,,
Juyeon,Lee Juyeon,16/01/1998,The Boyz,31/12/2017,Cre.Ker,South Korea,,,,
K.Me,Na Miri,10/04/1992,BADKIZ,24/03/2014,Zoo,South Korea,,Yeosu,,
Kady,Gu Dokyoung,7/04/1995,Gate9,26/01/1999,JYP| SidusHQ,South Korea,,Busan,,
Kaede,Yamada Kaede,20/12/2005,tripleS,13/02/2023,MODHAUS,Japan,,Toyama,,
Kaeun,Lee Kaeun,20/08/1994,After School,15/01/2009,Pledis,South Korea,,Seoul,,
Kahi,Park Jiyoung,25/12/1980,,,,South Korea,,Daegu,,After School
Kai,Kim Jongin,14/01/1994,EXO,8/04/2012,SM,South Korea,,Suncheon,SuperM,
Kain,Bang Junho,25/03/1997,ARGON,11/03/2019,MSH,South Korea,,,,
Kairi,Imai Kairi,24/02/2003,T1419,21/09/2007,CJ E&M,Japan,,,,
Kanghyun,Kang Hyungu,24/11/1998,Onewe,9/01/2019,RBW,South Korea,,,,MAS
Kangin,Kim Youngwoon,17/01/1985,,,,South Korea,,Seoul,,Super Junior
Kangmin,Noh Kangmin,5/09/1999,Romeo,4/11/2015,CT,South Korea,,,,
Kangmin,Kim Kangmin,13/11/2001,TRCNG,10/10/2017,TS,South Korea,,,,
Kangmin,Yoo Kangmin,25/01/2003,Verivery,1/09/2019,Jellyfish,South Korea,,,,
Kangsung,Lee Kangsung,8/08/2002,Ghost9,23/09/2020,Maroo,South Korea,,,,
Karin,Min Karin,5/01/2002,ALICE,1/07/2017,IOK Company,South Korea,,,,
Karin,Baek Yerin,23/04/2000,CRAXY,3/03/2020,SAITEINMENT,South Korea,,,,
Karina,Yoo Jimin,11/04/2000,aespa,17/11/2020,SM,South Korea,,Gyeonggi,,
Kazuha,Nakamura Kazuha,9/08/2003,LE SSERAFIM,2/05/2022,Source,Japan,,Osaka,,
KB,Shin Kyubin,23/04/1994,OnlyOneOf,28/05/2019,RSVP,South Korea,,,,
Keeho,Yoon Kiho,27/09/2001,P1Harmony,28/10/2020,FNC,Canada,,,,
Keena,Song Jakyung,9/07/2002,FIFTY FIFTY,18/11/2022,ATTRAKT,South Korea,,,,
Kei,Kim Jiyeon,20/03/1995,Lovelyz,17/11/2014,Woollim,South Korea,,Incheon,,
Keina,Lee Yoona,12/02/1999,H.U.B,9/02/2017,New Planet,South Korea,,,,
Keita,Terazono Keita,4/07/2001,Ciipher,15/03/2021,Rain,Japan,,,,
Kelly,Lin Kelly,16/01/2002,TRI.BE,17/02/2021,TR - Mellow,Taiwan,,Kaohsiung,,
Ken,Lee Jaehwan,6/04/1992,VIXX,24/05/2012,Jellyfish,South Korea,,Seoul,,
Kenta,Takada Kenta,10/01/1995,JBJ,18/10/2017,Fave,Japan,,Fujioka,,
Keonhee,Lee Keonhee,27/06/1998,Oneus,9/01/2019,RBW,South Korea,,,,
Keonwoo,Kim Keonwoo,17/12/1996,MY.st,26/03/2020,MYStar,South Korea,,,,
Keum,Keum Donghyun,14/05/2003,EPEX,8/06/2021,C9,South Korea,,Okcheon,,
Keumjo,Lee Keumjo,17/12/1992,9Muses,12/08/2010,Star Empire,South Korea,,Daegu,9MUSES A,
Kevin,Park Jinwoo,12/01/2000,OMEGA X,17/10/2016,JT Corea,South Korea,,,,ENOi
Kevin,Baek Seungbin,8/04/2001,T1419,21/09/2007,CJ E&M,South Korea,,,,
Kevin,Moon Hyungseo,23/02/1998,The Boyz,31/12/2017,Cre.Ker,Canada,South Korea,,,
Kevin,Christopher Woo,25/11/1991,U-KISS,28/08/2008,NH Media,USA,South Korea,Los Angeles,,
Kevin,Kevin Jiyeop Kim,23/02/1988,ZE:A,7/01/2010,Star Empire,South Korea,Australia,Sydney,,
Key,Kim Kibum,23/09/1991,SHINee,25/05/2008,SM,South Korea,,Daegu,Toheart,
Khael,Lee Sangmin,18/01/2002,Mirae,17/03/2021,DSP,South Korea,,,,
Kiara,Baek Jinjoo,20/08/1998,,,,South Korea,,,,
Kibum,Kim Kibum,21/08/1987,,,,South Korea,,Seoul,,Super Junior
Kichun,Hwang Kichun,14/03/1992,,,,South Korea,,,,Bigflo
Kid,Kim Junhoe,26/10/1995,VARSITY,5/01/2017,GKC,South Korea,,,,
Kidoh,Jin Hyosang,16/12/1992,,,,South Korea,,Seoul,,Topp Dogg
Kihyun,Yoo Kihyun,22/11/1993,MONSTA X,14/05/2014,Starship,South Korea,,Goyang,,
Kim Lip,Kim Jungeun,10/02/1999,LOONA,20/08/2018,Blockberry,South Korea,,,Loona Odd Eye Circle| ARTMS,
Kim Sanggyun,Kim Sanggyun,23/05/1995,JBJ95,30/10/2018,Hunus,South Korea,,Gwangju,JBJ,Topp Dogg| XENO-T
Kim Yoon,Kim Seongsu,17/02/1994,DUSTIN,6/01/2020,LPA,South Korea,,,,
Kino,Kang Hyungku,27/01/1998,PENTAGON,10/10/2016,Cube,South Korea,,,,
Kio,Udo Musashi,28/11/2004,T1419,21/09/2007,CJ E&M,South Korea,,,,
Kiseop,Lee Kiseop,17/01/1991,U-KISS,28/08/2008,NH Media,South Korea,,Seongnam,,
Kisu,Choi Kisu,2/10/1990,24K,6/09/2012,Choeun,South Korea,,Seoul,,
Kiwon,Lee Kiwon,27/06/1996,GIDONGDAE,3/04/2013,Simtong,South Korea,,,,RAINZ
Kokoro,Kato Kokoro,1/11/2000,,,,Japan,,,,Cherry Bullet
Kongyeol,Go Minsoo,19/05/1996,UP10TION,10/09/2015,TOP Media,South Korea,,Bucheon,,
Kongyoo,Kong Yoojin,11/05/2001,Bonus Baby,1/01/2017,Maroo,South Korea,,,,
Kookheon,Kim Kookheon,15/04/1997,B.O.Y,20/01/2020,Music Works,South Korea,,,,MYTEEN
Kotone,Kamimoto Kotone,10/03/2004,tripleS,13/02/2023,MODHAUS,Japan,,Tokyo,,
Kriesha Chu,Kriesha Ziskind Teo Tiu,20/12/1998,,,,Philippines,,Cebu,,
Kris,Wu Yifan,6/11/1990,,,,Canada,China,Guangzhou,,EXO
Krystal,Krystal Jung,24/10/1994,f(x),5/09/2009,SM,South Korea,,San Francisco,,
Kuhn,Noh Sooil,11/11/1995,UP10TION,10/09/2015,TOP Media,South Korea,,Ansan,,
Kun,Qian Kun,1/01/1996,NCT,9/04/2016,SM,China,,,,
Kwanghee,Hwang Kwanghee,25/08/1988,ZE:A,7/01/2010,Star Empire,South Korea,,Paju,,
Kwangjin,Kwon Kwangjin,12/08/1992,N.Flying,20/05/2015,FNC,South Korea,,Seoul,,CNBLUE
Kwangmin,Jo Kwangmin,24/04/1995,Boyfriend,26/05/2011,Starship,South Korea,,Anyang,,
Kyeongheon,Yoon Kyeongheon,6/01/1998,We In The Zone,27/05/2019,Choon,South Korea,,Suncheon,,
Kyla,Kyla Massie,26/12/2001,Pristin,21/03/2017,Pledis,USA,South Korea,California,,
Kyle,Ma Jaekyung,15/01/1997,Romeo,4/11/2015,CT,South Korea,,,,
Kyrin,Park Geumju,23/02/2000,Girls' World,20/06/2002,Liz,South Korea,,Daejeon,,
Kyuhwan,Lee Kyuhwan,18/09/1994,SIGNAL,28/08/2019,J-Star,South Korea,,,,E7
Kyuhyuk,Shim Kyuhyuk,11/01/1995,Hot Blood Youth,17/05/2017,FNC,South Korea,,,,
Kyuhyun,Cho Kyuhyun,3/02/1988,Super Junior,6/11/2005,SM,South Korea,,Seoul,Super Junior-M,
Kyujin,Jang Kyujin,26/05/2006,NMIXX,22/02/2022,JYP,South Korea,,,,
Kyulkyung,Zhou Jieqiong,16/12/1998,Pristin,21/03/2017,Pledis,China,,Taizhou,I.O.I| Pristin V,
Kyungho,Jang Kyungho,7/05/2001,TOO,1/04/2020,n.CH,South Korea,,,,
Kyungil,Song Kyungil,28/11/1987,HISTORY,26/04/2013,LOEN,South Korea,,,,
Kyungjun,Woo Kyungjun,30/08/2002,TNX,17/05/2022,P NATION,South Korea,,Seoul,,
Kyungmin,Jo Kyungmin,28/10/2004,8TURN,30/01/2023,MNH,South Korea,,Gyeonggi,,
Kyungmun,Lim Kyungmun,29/06/2003,YOUNITE,20/04/2022,Brand New,South Korea,,,,
Kyungri,Park Kyungri,5/07/1990,9Muses,12/08/2010,Star Empire,South Korea,,Busan,9MUSES A,
Kyungyoon,Lee Kyungyoon,21/02/2000,Dongkiz,24/04/2019,Dongyo,South Korea,,,,
L,Kim Myungsoo,13/03/1992,Infinite,9/06/2010,Woollim,South Korea,,Seoul,Infinite F,
L.Joe,Lee Byunghun,23/11/1993,,,,South Korea,,Gunsan,,Teen Top
Lai Kuanlin,Lai Kuanlin,23/09/2001,Wanna One,7/08/2017,YMC,Taiwan,,New Taipei,,
Laon,Shin Kyuhyun,19/12/1995,ENOi,19/04/2019,KITHEWHALE,South Korea,,,,
Lara,Moon Shinae,9/08/2000,Dreamnote,7/11/2018,iME,South Korea,,,,
Laun,Kim Minseok,12/08/1999,,,,South Korea,,Seongsan,,ONF
Lay,Zhang Yixing,7/10/1991,EXO,8/04/2012,SM,China,,Changsa,,
Layeon,Lee Jimin,13/08/1998,Purplebeck,24/06/2019,Majesty,South Korea,,,,
LE,Ahn Hyejin,10/12/1991,EXID,16/02/2012,Yedang,South Korea,,Cheonan,,
Lea,Ogawa Mizuki,12/08/1995,SECRET NUMBER,19/05/2020,Vine,Japan,,Tokyo,,Skarf
Lee Haein,Lee Haein,4/07/1992,I.B.I,29/10/2014,Star Crew,South Korea,,Changwon,,
Lee Hoo,Moon Junyoung,9/02/1989,ZE:A,7/01/2010,Star Empire,South Korea,,Seoul,,
Lee Hyeop,Lee Hyeop,13/08/1999,DRIPPIN,26/10/2020,Woollim,South Korea,,,,
Lee Jin,Shim Yerin,12/03/2001,Hi-L,11/08/2021,Kpop Live,South Korea,,,,
Lee Joon,Lee Changseon,7/02/1988,,,,South Korea,,Seoul,,MBLAQ
Lee Know,Lee Minho,25/10/1998,Stray Kids,25/03/2018,JYP,South Korea,,Gimpo,,
Lee Soo,Jin Isoo,27/06/2001,PRECIOUS,23/09/2020,Umi,South Korea,,Incheon,,
Lee Suhyun,Lee Suhyun,5/11/1996,I.B.I,29/10/2014,Star Crew,South Korea,,Ansan,,
Leedo,Kim Geonhak,26/07/1997,Oneus,9/01/2019,RBW,South Korea,,,,
Leeseo,Lee Hyunseo,21/02/2007,IVE,1/12/2021,Starship,South Korea,,,,
Leeteuk,Park Jeongsu,1/07/1983,Super Junior,6/11/2005,SM,South Korea,,Seoul,,
Leia,Larissa Kartes,14/05/2001,Blackswan,16/10/2020,DR,Brazil,Japan,Curitiba,,
Lena,Kang Rena,17/04/2002,GWSN,5/09/2018,Kiwi Pop,South Korea,,,,
Leo,Hayase Leo,8/10/2002,T1419,21/09/2007,CJ E&M,Japan,,,,
Leo,Jung Taekwon,10/11/1990,VIXX,24/05/2012,Jellyfish,South Korea,,Seoul,VIXX LR,
Leon,Kim Donghyun,25/07/2000,TRENDZ,5/01/2022,Interpark,South Korea,,,,
Lew,Lee Euiwoong,5/04/2001,TEMPEST,2/03/2022,Yuehua,South Korea,,,HyeongseopXEuiwoong,
Lex,Jeon Hyungmin,12/01/1993,Bigflo,19/07/2014,HO,South Korea,,,,
Lia,Choi Jisu,21/07/2000,ITZY,12/02/2019,JYP,South Korea,,Incheon,,
Lien,Shimada Sho,11/03/1998,Mirae,17/03/2021,DSP,Japan,,Osaka,,
Lily,Lily Jin Morrow,17/10/2002,NMIXX,22/02/2022,JYP,Australia,South Korea,Marysville,,
Lim Jimin,Lim Jimin,22/05/2001,JUST B,30/06/2021,Bluedot,South Korea,,,,
Lime,Kim Hyerim,19/01/1993,Hello Venus,9/05/2012,Fantagio,South Korea,,,,
Lin Lin,Huang Ziting,5/07/2003,,,,Taiwan,,,,Cherry Bullet
Lina,Oh Sejin,27/07/1997,ANS,16/09/2019,ANS,South Korea,,,,
Lina,Oh Hyesoo,23/05/1997,RedSquare,19/05/2020,About,South Korea,,,,
Linzy,Im Minji,22/10/1989,Fiestar,31/08/2012,LOEN,South Korea,,Incheon,,
Lisa,Pranpriya Manoban,27/03/1997,BLACKPINK,8/08/2016,YG,Thailand,,Bangkok,,
Liv,Kim Chaeyoung,5/07/1997,IRRIS,6/07/2022,Mellow,South Korea,,Gunsan,,Good Day| RedSquare
Liyah,Moon Liya,11/05/2000,MIXX,2/05/2016,Chiko,South Korea,,,,
Liz,Kim Jiwon,21/11/2004,IVE,1/12/2021,Starship,South Korea,,,,
Lizzy,Park Sooyoung,31/07/1992,After School,15/01/2009,Pledis,South Korea,,Busan,Orange Caramel,
Loha,Kang Yejin,27/12/2001,Nature,3/08/2018,n.CH,South Korea,,,,
Lola,Choi Yoojung,22/02/2001,Pixy,24/02/2021,ALLART,South Korea,,,,
Longguo,Jin Longguo,2/03/1996,JBJ,18/10/2017,Fave,China,,Heilong,,
Lou,Kim Hosung,21/12/1996,VAV,31/10/2015,A team,South Korea,,,,
Loudi,Won Jihoon,13/04/1996,14U,17/04/2017,BG,Indonesia,South Korea| China,,,
Louis,Kim Taewoo,23/04/1999,BLANK2Y,24/05/2022,Keystone,South Korea,,,,1the9
Louis,Yang Dongsik,8/04/2001,Kingdom,18/02/2021,GF,South Korea,,,,
Love,Park Jisung,17/01/1994,,,,South Korea,,,,OnlyOneOf
Lu,Im Hayoung,3/12/1997,NATURE,3/08/2018,n.CH,South Korea,,,,
LuA,Jo Hankyeung,14/09/1991,BADKIZ,24/03/2014,Zoo,South Korea,,Busan,,
Lua,Kim Sookyung,6/10/2000,Weki Meki,8/08/2017,Fantagio,South Korea,,,,
Lucas,Wong Junghei,25/01/1999,NCT,9/04/2016,SM,Hong Kong,,,SuperM,
Lucy,Noh Hyojung,31/08/2002,Weki Meki,8/08/2017,Fantagio,South Korea,,Goyang,,
Lucy,Kim Daeun,9/04/2004,woo!ah!,15/05/2020,NV,South Korea,,,,
Luda,Lee Luda,6/03/1997,WJSN,25/02/2016,Starship,South Korea,,Seoul,WJSN Chocome| WJMK,
Luha,Lee Gyeonghun,15/02/1993,14U,17/04/2017,BG,South Korea,,,,
Luhan,Lu Han,20/04/1990,,,,China,,Haidian,,EXO
Luna,Park Sunyoung,12/08/1993,f(x),5/09/2009,SM,South Korea,,Seoul,,
Lune,Jung Sungmin,27/02/2000,DKB,3/02/2020,Brave,South Korea,,,,
Lutan,Choi Gyeongseok,6/12/2003,BLITZERS,12/05/2021,Wuzo,South Korea,,,,
Manny,Syo Dongchun,17/11/2001,VARSITY,5/01/2017,GKC,China,,,,
Marco,Lee Hyunggeun,11/05/1994,Hot Blood Youth,17/05/2017,FNC,South Korea,,,,
Marin,Yasufuku Marin,17/03/2001,Bling Bling,17/11/2020,Major9,Japan,,Osaka,,
Mark,Mark Yien Tuan,4/09/1993,GOT7,16/01/2014,JYP,USA,Taiwan,Los Angeles,,
Mark,Mark Lee,2/08/1999,NCT,9/04/2016,SM,Canada,,Vancouver,NCT U| NCT 127| NCT Dream| SuperM,
Mashiho,Takata Mashiho,25/03/2001,Treasure,7/08/2020,YG,Japan,,,,
Mashiro,Sakamoto Mashiro,16/12/1999,Kep1er,1/03/2022,WakeOne,Japan,,,,
Max Changmin,Shim Changmin,18/02/1988,TVXQ,6/09/1995,MBK| Turbo Co.,South Korea,,Seoul,,
May,Jeong Chaeyoung,27/07/2001,,,,South Korea,,,,NeonPunch
May,Hirokawa Mao,16/11/2004,Cherry Bullet,21/01/2019,FNC,Japan,,,,
Mayna,Shaoxi Mengna,12/05/2000,HOT ISSUE,17/05/2017,FNC,China,Romania,,,
Medic Jin,Bae Yujin,25/08/1996,Girlkind,16/01/2018,Nextlevel,South Korea,,,,
Meiqi,Meng Meiqi,15/10/1998,,,,China,,Luoyang,,WJSN
Mia,Han Eunji,13/01/2000,Everglow,18/03/2019,Yuehua,South Korea,,,,
Mia,Son Hyunmi,31/12/1997,MIXX,2/05/2016,Chiko,South Korea,,,,
Mihee,Lee Mihee,24/08/2000,BOTOPASS,26/08/2020,WKS ENE,South Korea,,,,
Mijoo,Lee Mijoo,23/09/1994,Lovelyz,17/11/2014,Woollim,South Korea,,Okcheon,,
Mikey,Morisaki Daisuke,5/05/2001,BLANK2Y,24/05/2022,Keystone,Japan,,Hyogo,,
Miko,Matsuda Miko,28/10/1995,Honey Popcorn,21/03/2018,Kyun Create,Japan,,,,
Miku,Katae Miku,9/10/2002,Pink Fantasy,28/10/2018,My Doll,Japan,,,,
Mill,Lee Yongsoo,30/03/1999,OnlyOneOf,28/05/2019,RSVP,South Korea,,,,
Milo,Kim Minhak,20/08/1996,Romeo,4/11/2015,CT,South Korea,,,,
Mimi,Jung Mimi,1/01/1993,Gugudan,28/06/2016,Jellyfish,South Korea,,,,
Mimi,Kim Mihyun,1/05/1995,Oh My Girl,21/04/2015,WM,South Korea,,Jeju,,
Min,Lee Minyoung,21/06/1991,miss A,1/07/2010,JYP,South Korea,,Seoul,,
Min,Lee Mincheon,16/10/1997,We In The Zone,27/05/2019,Choon,South Korea,,Seoul,,
Mina,Kwon Mina,21/09/1993,,,,South Korea,,Busan,,AOA| AOA BLACK
Mina,Kang Mina,4/12/1999,Gugudan,28/06/2016,Jellyfish,South Korea,,Icheon,Gugudan Oguogu,I.O.I
Mina,Myoui Mina,24/03/1997,Twice,20/10/2015,JYP,Japan,,San Antonio,MISAMO,
Minah,Bang Minah,13/05/1993,Girl's Day,9/07/2010,DreamT,South Korea,,Incheon,,
Minchan,Hong Minchan,16/09/1998,Verivery,1/09/2019,Jellyfish,South Korea,,,,
Mingi,Son Mingi,9/08/1999,ATEEZ,24/10/2018,KQ,South Korea,,,,
Mingyu,Kim Mingyu,6/04/1997,Seventeen,26/05/2015,Pledis,South Korea,,Anyang,,
Minha,Park Minha,27/06/1991,,,,South Korea,,Seoul,,9Muses
Minhee,Kang Minhee,17/09/2002,CRAVITY,14/04/2020,Starship,South Korea,,,,X1
Minhee,Joo Minhee,3/01/1993,Stellar,28/08/2011,Pascal,South Korea,,Seoul,,
Minho,Yang Minho,14/10/2002,8TURN,30/01/2023,MNH,South Korea,,,,
Minho,Lee Minho,4/09/1995,MY.st,26/03/2020,MYStar,South Korea,,,,
Minho,Choi Minho,9/12/1991,SHINee,25/05/2008,SM,South Korea,,Incheon,,
Minhwan,Choi Minhwan,11/11/1992,FTISLAND,7/06/2007,FNC,South Korea,,Seoul,,
Minhyuk,Lee Minhyuk,29/11/1990,BtoB,21/03/2012,Cube,South Korea,,Seoul,,
Minhyuk,Kang Minhyuk,28/06/1991,CNBLUE,14/01/2010,FNC,South Korea,,Ilsan,,
Minhyuk,Kim Minhyuk,6/11/1999,D-CRUNCH,6/08/2018,All-S,South Korea,,,,
Minhyuk,Lee Minhyuk,3/11/1993,MONSTA X,14/05/2014,Starship,South Korea,,,,
Minhyun,Hwang Minhyun,9/08/1995,NU'EST,15/03/2012,Pledis,South Korea,,Busan,NU'EST,Wanna One
Mini,,12/06/2000,Purplebeck,24/06/2019,Majesty,South Korea,,,,
Minjae,Song Minjae,23/08/2003,MCND,27/02/2020,TOP Media,South Korea,,,,
Minjae,Seong Minjae,18/12/1994,Sonamoo,29/12/2014,TS,South Korea,,Busan,,
Minjae,Jo Minjae,8/08/1994,Spectrum,9/05/2018,WYNN,South Korea,,,,
Minjae,Shin Minjae,13/08/1991,Tahiti,23/06/2012,J-line,South Korea,,Busan,,
Minjae,Kim Minjae,10/04/2003,xikers,30/03/2023,KQ,South Korea,,Seoul,,
Minji,Kim Minji,16/01/2001,Busters,27/11/2017,JTG,South Korea,,,,
Minji,Kim Minji,7/05/2004,NewJeans,22/07/2022,ADOR,South Korea,,Yeongwol,,
Minjoo,Kim Minjoo,5/02/2001,IZ*ONE,29/10/2018,Off The Record,South Korea,,Seoul,,
Minju,Kang Minjoo,11/03/2001,GWSN,5/09/2018,Kiwi Pop,South Korea,,,,
Minjun,Kim Minjun,26/02/1999,NINE.i,30/03/2022,FirstOne,South Korea,,,,
Minjung,Cha Minjung,15/07/2004,,,,South Korea,,,,Busters
Minkyung,Kang Minkyung,3/08/1990,Davichi,4/02/2008,CJ E&M,South Korea,,Goyang,,
Minnie,Nicha Yontararak,23/10/1997,(G)I-DLE,2/05/2018,Cube,Thailand,,,,
Mino,Song Minho,30/03/1993,WINNER,12/08/2014,YG,South Korea,,Yongin,,
Minpyo,Gook Minpyo,15/11/1994,B.I.G,9/07/2014,GH,South Korea,,Gwangju,,
Minseo,Kim Minseo,13/05/2002,DRIPPIN,26/10/2020,Woollim,South Korea,,,,
Minseo,Park Minseo,21/03/2003,Saturday,18/07/2018,SD,South Korea,,,,
Minseo,Kim Minseo,12/08/2004,woo!ah!,15/05/2020,NV,South Korea,,,,
Minsu,Park Minsu,15/04/1993,Boys Republic,3/06/2013,Happy Tribe| Universal,South Korea,,Gwangju,,
Minsu,Kim Minsu,20/03/2000,TOO,1/04/2020,n.CH,South Korea,,,,
Minsung,Kim Minhwi,24/12/1996,Romeo,4/11/2015,CT,South Korea,,,,
Mint,Kunpat Phonpawiworakun,23/06/1994,Tiny-G,23/08/2012,GNG,Thailand,,,,
Minwoo,No Minwoo,31/07/1995,Boyfriend,26/05/2011,Starship,South Korea,,Anyang,,
Minwoo,Lee Minwoo,28/07/1979,Shinhwa,24/03/1998,SM| Good| Shinhwa,South Korea,,Namwon,,
Minwoo,Ha Minwoo,6/09/1990,ZE:A,7/01/2010,Star Empire,South Korea,,Yangsan,,
Minwoo†,Seo Minwoo,8/02/1985,100%,18/09/2012,TOP Media,South Korea,,Daegu,,
Minyoung,Kim Minyeong,12/09/1990,Brave Girls,8/04/2011,Brave,South Korea,,Seongnam,,
Minzy,Kong Minji,18/01/1994,2NE1,6/05/2009,YG,South Korea,,,,
Mir,Lee Yoonsang,6/03/2000,Astin,16/11/2022,AB Creative,South Korea,,,,
Mir,Bang Cheolyong,10/03/1991,MBLAQ,14/10/2009,J. Tune,South Korea,,Bukhamyeon,,
Mire,Su Mire,26/03/2006,TRI.BE,17/02/2021,TR - Mellow,Japan,,,,
Miryo,Jo Mihye,2/11/1981,Brown Eyed Girls,2/03/2006,Mystic,South Korea,,,,
Miso,Jeon Jimin,25/10/2000,Dreamnote,7/11/2018,iME,South Korea,,,,
Miso,Park Jihyun,16/09/1996,P.O.P,26/07/2017,DWM,South Korea,,Busan,,
Miso,Park Miso,4/04/1991,Tahiti,23/06/2012,J-line,South Korea,,Gwangju,,
MiU,Ito Miyu,9/01/2003,LIMELIGHT,17/02/2023,143,Japan,,Tokyo,,
Miya,Miyauchi Haruka,26/05/1993,GWSN,5/09/2018,Kiwi Pop,Japan,,,,
Miyeon,Jo Miyeon,31/01/1997,(G)I-DLE,2/05/2018,Cube,South Korea,,,,
MJ,Kim Myungjun,5/03/1994,ASTRO,23/02/2016,Fantagio,South Korea,,Nowon,,
MK,Park Minkyun,16/11/1995,ONF,2/08/2017,WM,South Korea,,Ilsan,,
Moko,Sakura Moko,19/03/1991,Honey Popcorn,21/03/2018,Kyun Create,Japan,,,,
Momo,Hirai Momo,9/11/1996,Twice,20/10/2015,JYP,Japan,,Kyoto,MISAMO,
Momoka,Matsuda Momoka,26/12/2000,Pink Fantasy,28/10/2018,My Doll,Japan,,,,
Monday,Kim Jimin,10/05/2002,Weeekly,30/07/2020,Play M,South Korea,,,,
Monika,Kang Yeh,21/05/1991,BADKIZ,24/03/2014,Zoo,South Korea,,Seoul,,
Moon Bin,Moon Bin,26/01/1998,ASTRO,23/02/2016,Fantagio,South Korea,,Cheongju,,
Moon Sua,Moon Sua,9/09/1999,Billlie,10/11/2021,MYSTIC,South Korea,,Cheongju,,
Moonbyul,Moon Byulyi,22/12/1992,Mamamoo,18/06/2014,RBW,South Korea,,Bucheon,,
Moonhee,Choi Moonhee,15/04/1997,Bonus Baby,1/01/2017,Maroo,South Korea,,,,MyB
Moonvok,Jang Moonvok,11/04/1995,Limitless,9/07/2019,ONO,South Korea,,,,
Mu,Suh Kyungmin,14/09/2003,EPEX,8/06/2021,C9,South Korea,,,,
Mujin,Ko Sungho,20/11/2000,Kingdom,18/02/2021,GF,South Korea,,,,
Munik,Jang Moonik,20/03/2001,Dongkiz,24/04/2019,Dongyo,South Korea,,,,
Muzin,Kim Hyunwoo,29/03/2001,BAE173,19/11/2020,PocketDol,South Korea,,,,
Myungho,Ji Myungho,12/10/2001,8TURN,30/01/2023,MNH,South Korea,,,,
Myungji,Kim Myungji,9/10/1997,Tiny-G,23/08/2012,GNG,South Korea,,,,
N,Cha Hakyeon,30/06/1990,VIXX,24/05/2012,Jellyfish,South Korea,,Changwon,Big Byung,
Nada,Yoon Yejin,24/05/1991,,,,South Korea,,,,Wassup
Naeun,Son Naeun,10/02/1994,,,,South Korea,,Seoul,,Apink
Naeun,Lee Naeun,5/05/1999,APRIL,24/08/2015,DSP,South Korea,,Daejeon,,
Nahyun,Kang Nahyun,25/01/2002,HOT ISSUE,17/05/2017,FNC,South Korea,,,,
Nahyun,Kim Nahyun,9/12/1995,Sonamoo,29/12/2014,TS,South Korea,,Seoul,,
Nako,Yabuki Nako,18/06/2001,IZ*ONE,29/10/2018,Off The Record,Japan,,Tokyo,,
Nakta,Shin Yooncheol,24/04/1993,,,,South Korea,,Daegu,,Topp Dogg
Nakyung,Lee Nakyung,1/06/2000,fromis_9,24/01/2018,Off The Record,South Korea,,Mungyeong,,
Nakyung,Kim Nakyung,13/10/2002,tripleS,13/02/2023,MODHAUS,South Korea,,Ulsan,,
Namjoo,Kim Namjoo,15/04/1995,Apink,19/04/2011,Plan A,South Korea,,Seoul,,
Nana,Im Jinah,14/09/1991,After School,15/01/2009,Pledis,South Korea,,Cheongju,Orange Caramel,
Nana,Kwon Nayeon,9/03/2001,woo!ah!,15/05/2020,NV,South Korea,,,,
Nancy,Nancy Mcdonie,13/04/2000,MOMOLAND,9/11/2016,Double Kick,South Korea,USA,Daegu,,
Nara,Kwon Nara,13/03/1991,Hello Venus,9/05/2012,Fantagio,South Korea,,Seongnam,,
Narachan,Jung Hyunwoo,23/09/1996,MONT,14/05/2014,Starship,South Korea,,,,
Narae,Park Narae,23/02/1988,SPICA,7/02/2012,CJ E&M,South Korea,,Incheon,SPICA-S,SPICA
Nari,Kim Nari,5/10/1992,Wassup,7/08/2013,Mafia,South Korea,,,,
Narin,Lee Narin,29/10/2001,Bling Bling,17/11/2020,Major9,South Korea,,,,
Narin,Lee Eunseo,6/06/2000,Queenz Eye,24/10/2022,Big Mountain,South Korea,,,,
Narsha,Park Hyojin,28/12/1981,Brown Eyed Girls,2/03/2006,Mystic,South Korea,,,,
Nason,Kim Duyeop,12/06/1995,CHECKMATE,19/06/2012,Yedang,South Korea,,,,
Nayeon,Im Nayeon,22/09/1995,Twice,20/10/2015,JYP,South Korea,,Seoul,,
Nayoung,Kim Nayoung,23/11/1995,Gugudan,28/06/2016,Jellyfish,South Korea,,,,
Nayoung,Kim Nayoung,30/11/2002,LIGHTSUM,10/06/2021,Cube,South Korea,,Chuncheon,,
Nayoung,Im Nayoung,18/12/1995,Pristin,21/03/2017,Pledis,South Korea,,Chungcheongham,I.O.I| Pristin V,
Nayu,Kim Yewon,23/07/2002,ILY:1,4/04/2022,FC ENM,South Korea,,,,
Nayun,Kim Nayun,31/07/1998,MOMOLAND,9/11/2016,Double Kick,South Korea,,Seoul,,
NC.A,Im Soeun,7/10/1996,UNI.T,18/05/2018,Unit Culture,South Korea,,Osan,,
New,Choi Chanhee,26/04/1998,The Boyz,31/12/2017,Cre.Ker,South Korea,,Jeonju,,
New Sun,Choi Yoonsun,19/06/1997,Sonamoo,29/12/2014,TS,South Korea,,,,
Nichkhun,Nichkhun Horvejkul,24/06/1988,2PM,4/07/2008,JYP,Thailand,USA,California,,
Nicole,Nicole Jung,7/10/1991,KARA,29/03/2007,DSP,South Korea,USA,Los Angeles,,
Niel,Ahn Daniel,16/08/1994,Teen Top,9/07/2010,TOP Media,South Korea,,Anyang,,
Ni-Ki,Nishimura Riki,9/12/2005,ENHYPEN,30/11/2020,Be:lift,Japan,,,,
Nina,Nina Nadia Mateer,15/03/2003,IRRIS,6/07/2022,Mellow,Australia,South Korea,Brisbane,,
Nine,Jung Wookjin,13/12/1999,OnlyOneOf,28/05/2019,RSVP,South Korea,,,,
Ningning,Ning Yizhuo,23/10/2002,aespa,17/11/2020,SM,China,,Harbin,,
Noah,Hwang Seundae,18/03/1998,CHECKMATE,19/06/2012,Yedang,South Korea,,,,
Noah,Song Yubin,2/08/2000,T1419,21/09/2007,CJ E&M,South Korea,,,,
Noeul,No Eul,10/05/1989,Rainbow,12/11/2009,DSP,South Korea,,Jeonju,,
Nova,Maria Pavlovna Emelyanova,10/10/2002,X:IN,11/04/2023,Escrow,Russia,,Moscow,,
O.V,Kim Sanchan,3/01/1999,D-CRUNCH,6/08/2018,All-S,South Korea,,,,
Olivia Hye,Son Hyeju,13/11/2001,LOONA,20/08/2018,Blockberry,South Korea,,,Loona yyxy,
On,Kim Dongwoo,,ABLUE,23/10/2022,J-Star,South Korea,,,,
On,Choi Juhwan,16/10/2002,T1419,21/09/2007,CJ E&M,South Korea,,,,
Onda,Jo Selim,18/05/2000,Everglow,18/03/2019,Yuehua,South Korea,,,,
Onejunn,Jo Wonjun,22/11/1988,Boys Republic,3/06/2013,Happy Tribe| Universal,South Korea,,Changwon,,
Onew,Lee Jinki,14/12/1989,SHINee,25/05/2008,SM,South Korea,,Gwangmyeong,,
P.O,Pyo Jihoon,2/02/1993,Block B,15/04/2011,KQ,South Korea,,Seoul,Bastarz,
Park Kyung,Park Kyung,8/07/1992,Block B,15/04/2011,KQ,South Korea,,Seoul,,
Peniel,Shin Donggeun,10/03/1993,BtoB,21/03/2012,Cube,South Korea,USA,Chicago,,
P-Goon,Park Sehyuk,18/10/1991,,,,South Korea,,Seoul,,Topp Dogg
Pharita,Pharita Chaikong,26/08/2005,BABYMONSTER,0/01/1900,YG,Thailand,,Bangkok,,
Prince,Pasidh Vataniyapromote,10/01/2003,Ghost9,23/09/2020,Maroo,Thailand,,,,
PSY,Park Jaesang,31/12/1977,,,,South Korea,,Seoul,,
Q,Ji Changmin,5/11/1998,The Boyz,31/12/2017,Cre.Ker,South Korea,,,,
Qri,Lee Jihyun,12/12/1986,T-ara,29/07/2009,MBK,South Korea,,Goyang,,
ra.L,Yi Taehyun,29/09/2003,TRENDZ,5/01/2022,Interpark,South Korea,,,,
Rachel,Sung Nayeon,28/08/2000,APRIL,24/08/2015,DSP,South Korea,USA,,,
Rain,Jung Jihoon,25/06/1982,,,,South Korea,,Seosan,,
Raina,Oh Hyerin,7/05/1989,After School,15/01/2009,Pledis,South Korea,,Ulsan,Orange Caramel,
Rainie,Chu Chingyu,16/11/2000,bugAboo,25/10/2021,A team,Taiwan,,,,
Rakwon,Seok Rakwon,14/11/2003,ATBO,27/07/2022,IST,South Korea,,Seoul,,
Rano,Byun Yongseop,10/12/1998,E'LAST,9/06/2020,E Entertainment,South Korea,,,,
Raon,Lee Seoyoung,21/01/2000,ANS,16/09/2019,ANS,South Korea,,,,
Raots,Ren Yuchen,1/03/2000,JWiiver,17/02/2022,JTG,China,,,,
Ravi,Kim Wonsik,15/02/1993,VIXX,24/05/2012,Jellyfish,South Korea,,Seoul,VIXX LR,
Ravn,Kim Yoongjo,2/09/1995,Oneus,9/01/2019,RBW,South Korea,,,,
Rayeon,Lee Rayeon,24/11/2001,FANATICS,6/08/2019,FENT,South Korea,,Gwangju,,
Red,Lee Heejin,10/07/1991,Pungdeng-E,11/12/2013,DOMA,South Korea,,Daegu,,
Rei,Naoi Rei,3/02/2004,IVE,1/12/2021,Starship,Japan,,,,
Remi,Katsuno Rise,26/04/2001,Cherry Bullet,21/01/2019,FNC,Japan,,,,
Ren,Choi Minki,3/11/1995,NU'EST,15/03/2012,Pledis,South Korea,,Busan,NU'EST W,
Rena,Kang Yebin,19/10/1998,Hinapia,3/11/2019,Alseulbit,South Korea,,,Pristin V,Pristin
Renjun,Hwang Renjun,23/03/2000,NCT,9/04/2016,SM,China,,Jilin,NCT Dream,
Ria,Kuwayama Ria,3/02/1998,BOTOPASS,26/08/2020,WKS ENE,Japan,,,,
Ricky,Yoo Changhyun,27/02/1995,Teen Top,9/07/2010,TOP Media,South Korea,,Seoul,,
Rie,Lee Seungho,6/11/1996,OnlyOneOf,28/05/2019,RSVP,South Korea,,,,
Rihan,Choi Yeonsik,22/05/1998,JWiiver,17/02/2022,JTG,South Korea,,,,
Riho,Jin Seungwook,1/03/1998,VARSITY,5/01/2017,GKC,South Korea,,Incheon,,
Riina,Lee Seunghyeon,21/02/2001,H1-KEY,5/01/2022,GLG,South Korea,,,,
Rina,Kang Soeun,27/09/2001,Weki Meki,8/08/2017,Fantagio,South Korea,,,,
Rinji,Hwang Rinji,5/05/2006,Pixy,24/02/2021,ALLART,South Korea,,,,
Rio,Son Gwanghyuk,16/07/1999,14U,17/04/2017,BG,South Korea,,,,
Ririka,Kishida Ririka,2/07/2002,ILY:1,4/04/2022,FC ENM,Japan,,,,
Riwon,Kim Riwon,11/01/2007,CLASS:y,5/05/2022,Universal,South Korea,,,,
RM,Kim Namjoon,12/09/1994,BTS,13/06/2013,Big Hit,South Korea,,Ilsan,,
Roa,Kim Minkyung,29/07/1997,Hinapia,3/11/2019,Alseulbit,South Korea,,,Pristin V,Pristin
Roa,,,X:IN,11/04/2023,Escrow,South Korea,,,,
Rocky,Park Minhyuk,25/02/1999,ASTRO,23/02/2016,Fantagio,South Korea,,Jinju,,
Roda,Shin Joongmin,19/09/1998,MONT,14/05/2014,Starship,South Korea,,,,
Roel,Kim Sunho,13/02/1997,ARGON,11/03/2019,MSH,South Korea,,,,
Rokhyun,Kim Rokhyun,10/02/1991,100%,18/09/2012,TOP Media,South Korea,,Suncheon,,
Romin,Choi Youngmin,24/04/2001,E'LAST,9/06/2020,E Entertainment,South Korea,,,,
Ron,Cheon Byeonghwa,22/01/1991,Bigflo,19/07/2014,HO,South Korea,,,,
Rona,Chang Ching,5/06/2002,ILY:1,4/04/2022,FC ENM,Taiwan,,Taipei,,
Roni,Jeong Rowoon,31/07/1994,,,,South Korea,,,,XEED
Rora,Lee Dain,5/08/2008,BABYMONSTER,0/01/1900,YG,South Korea,,,,
Rosé,Roseanne Park,11/02/1997,BLACKPINK,8/08/2016,YG,South Korea,,Auckland,,
Roshin,Bae Sijun,13/04/2001,JWiiver,17/02/2022,JTG,South Korea,,Daegu,,
Rowoon,Kim Seokwoo,7/08/1996,SF9,5/10/2016,FNC,South Korea,,,,
Royeon,Jeon Hyunjoo,20/02/1998,ANS,16/09/2019,ANS,South Korea,,,,
Rubin,Lee Haejoon,16/08/1995,1TEAM,27/03/2019,LiveWorks,South Korea,,,,
Ruby,Heo Jiwon,21/08/2002,PRIMROSE,13/03/2023,AO,South Korea,,,,
Rui,Jang Rui,7/03/2000,7 O'clock,26/08/2014,Jungle,South Korea,,Seoul,,
Rui,Watanabe Rui,8/10/1994,H.U.B,9/02/2017,New Planet,Japan,,,,N-Bulance
Ruka,Kawai Ruka,20/03/2002,BABYMONSTER,0/01/1900,YG,Japan,,,,
Ryeowook,Kim Ryeowook,21/06/1987,Super Junior,6/11/2005,SM,South Korea,,Incheon,Super Junior-M,
Ryujei,Chae Hocheol,8/11/1997,JWiiver,17/02/2022,JTG,South Korea,,Incheon,,
Ryujin,Shin Ryujin,17/04/2001,ITZY,12/02/2019,JYP,South Korea,,Seoul,,
S.Coups,Choi Seungcheol,8/08/1995,Seventeen,26/05/2015,Pledis,South Korea,,Daegu,,
Saebom,Kim Seyoung,13/01/1995,Favorite,5/07/2017,Astory,South Korea,,Gwacheon,,
Saebom,Kim Saerok,30/01/1997,NATURE,3/08/2018,n.CH,South Korea,,,,
Saebyeok,Shim Jaeyoung,9/11/1996,Ho1iday,26/04/2013,LOEN,South Korea,,,,
Saebyeol,Han Saebyeol,23/05/1996,Matilda,18/03/2016,Box,South Korea,,,,
Saena,Jung Sehyun,12/03/2004,FIFTY FIFTY,18/11/2022,ATTRAKT,South Korea,,Busan,,
Saerom,Lee Saerom,7/01/1997,fromis_9,24/01/2018,Off The Record,South Korea,,Gangwon,,
Sakang,Jeon Sakang,26/10/2002,TheEastLight,15/11/2018,Stardium,South Korea,,,,
Sakura,Miyawaki Sakura,19/03/1998,LE SSERAFIM,2/05/2022,Source,Japan,,Kagoshima,,IZ*ONE
Sally,Liu Xiening,23/10/1996,Gugudan,28/06/2016,Jellyfish,China,,Guangdong,,
Samuel,Kim Samuel,17/01/2002,,,,South Korea,USA,Los Angeles,,1PUNCH
San,Choi San,10/07/1999,ATEEZ,24/10/2018,KQ,South Korea,,,,
Sana,Minatozaki Sana,29/12/1996,Twice,20/10/2015,JYP,Japan,,Osaka,MISAMO,
Sandeul,Lee Junghwan,20/03/1992,B1A4,19/04/2010,WM,South Korea,,Busan,,
Sanga,Lee Sanga,5/08/1999,,,,South Korea,,,,Pink Fantasy
Sangah,Yoo Sangah,4/09/2002,LIGHTSUM,10/06/2021,Cube,South Korea,,Incheon,,
Sangdo,Yoo Sangdo,2/03/1993,Topp Dogg,1/04/2020,n.CH,South Korea,,Incheon,,
Sangho,Jo Sangho,10/02/1995,SNUPER,16/11/2015,Widmay,South Korea,,Changwon,,
Sanghoon,Lee Sanghoon,23/12/1993,,,,South Korea,,Cheongju,,100%
Sangil,Shim Sangil,1/05/1993,SNUPER,16/11/2015,Widmay,South Korea,,Seoul,,
Sangmin,Kim Sangmin,7/07/1992,CROSS GENE,8/07/2012,Amuse,South Korea,,Jinju,,
Sangwoo,Kim Sangwoo,3/09/2002,JUST B,30/06/2021,Bluedot,South Korea,,,,
Sangyeon,Lee Sangyeon,4/11/1996,The Boyz,31/12/2017,Cre.Ker,South Korea,,,,
Sanha,Yoon Sanha,21/03/2000,ASTRO,23/02/2016,Fantagio,South Korea,,Seoul,,
Satbyeol,Jeon Yujin,27/02/2001,,,,South Korea,,,,Girls Alert| Pixy
Sea,Kim Sujeong,5/12/1999,Highteen,14/10/2016,Elijah,South Korea,,,,
Sebin,Jang Sebin,24/04/1996,SNUPER,16/11/2015,Widmay,South Korea,,Pocheon,OMEGA X,
Seea,Kang Eunyoung,21/08/1994,Pink Fantasy,28/10/2018,My Doll,South Korea,,,,
Seeun,Yoon Seeun,14/06/2003,STAYC,12/11/2020,Hi-Up,South Korea,,Pyeongtaek,,
Seeun,Park Seeun,17/08/2005,xikers,30/03/2023,KQ,South Korea,,Daegu,,
Segye,Shin Segye,19/08/1998,AREAL,21/08/2020,JZ Factory,South Korea,,,,Rose Finger
Sehun,Oh Sehun,12/04/1994,EXO,8/04/2012,SM,South Korea,,Seoul,,
Sehyung,Kang Sehyung,13/12/1998,Berry Good,21/05/2014,Asia Bridge,South Korea,,,,
Sei,Lee Seojung,7/01/2000,Weki Meki,8/08/2017,Fantagio,South Korea,,,,
Sejeong,Kim Sejeong,28/08/1996,Gugudan,28/06/2016,Jellyfish,South Korea,,,,I.O.I
Sejin,Lee Sejin,22/07/1999,14U,17/04/2017,BG,South Korea,,,,
Sejun,Lim Sejun,4/05/1996,VICTON,9/11/2016,Plan A,South Korea,,,,
Seline,Jung Yeonjeong,20/06/2000,Cignature,4/02/2020,C9,South Korea,,,,
Semi,Gu Semi,10/04/2002,Cignature,4/02/2020,C9,South Korea,,,,
Semmi,Oh Heesun,22/10/1995,Matilda,18/03/2016,Box,South Korea,,,,
Seogoong,Park Hyunho,1/05/1992,,,,South Korea,,Seongnam,,Topp Dogg
Seoham,Park Seoham,28/10/1993,KNK,3/03/2016,YNB,South Korea,,,,
Seoho,Lee Seoho,7/06/1996,Oneus,9/01/2019,RBW,South Korea,,,,
Seohyun,Seo Joohyun,28/06/1991,SNSD,4/08/2021,Good Luck,South Korea,,Seoul,TTS,
Seoi,Lee Yejin,12/02/2000,H1-KEY,5/01/2022,GLG,South Korea,,,,
Seokcheol,Lee Seokchul,11/01/2000,TheEastLight,15/11/2018,Stardium,South Korea,,,,
Seokhwa,Kang Seokhwa,1/12/2000,WEi,5/10/2020,OUI,South Korea,,,,
Seokyoung,Kim Seokyung,16/04/1999,GWSN,5/09/2018,Kiwi Pop,South Korea,,,,
Seol,Min Jihye,1/01/1997,P.O.P,26/07/2017,DWM,South Korea,,Gunsan,,
Seola,Kim Hyunjung,24/12/1994,WJSN,25/02/2016,Starship,South Korea,,Seoul,WJMK| WJSN The Black,
Seolhyun,Kim Seolhyun,3/01/1995,AoA,30/07/2012,FNC,South Korea,,Bucheon,,
Seonghwa,Park Seonghwa,3/04/1998,ATEEZ,24/10/2018,KQ,South Korea,,Jinju,,
Seonglee,Kim Seonglee,6/04/1994,,,,South Korea,,,,RAINZ
Seongmin,Ahn Seongmin,1/08/2003,CRAVITY,14/04/2020,Starship,South Korea,,,,
Seongsoo,Park Seongsoo,7/04/1999,ABLUE,23/10/2022,J-Star,South Korea,,,,BECZ
Seongwu,Ong Seunwu,25/08/1995,Wanna One,7/08/2017,YMC,South Korea,,Incheon,,
Seonyu,Kim Seonyu,20/03/2008,CLASS:y,5/05/2022,Universal,South Korea,,,,
Seoryoung,Lee Seoryung,26/01/2000,GWSN,5/09/2018,Kiwi Pop,South Korea,,,,
Seowon,Jang Seowon,5/12/2006,Lapillus,22/06/2022,MLD,South Korea,,Gwangju,,
Seowon,Seo Won,18/12/2000,NINE.i,30/03/2022,FirstOne,South Korea,,,,
Seoyeon,Ahn Seoyeon,26/03/2005,CSR,27/07/2022,A2Z,South Korea,,Bucheon,,
Seoyeon,Kim Minju,26/11/1995,Favorite,5/07/2017,Astory,South Korea,,Gwacheon,,
Seoyeon,Lee Seoyeon,22/01/2000,fromis_9,24/01/2018,Off The Record,South Korea,,Seoul,,
Seoyeon,Yoon Seoyeon,6/08/2003,tripleS,13/02/2023,MODHAUS,South Korea,,,,
Seoyoon,Kim Suyoung,26/01/1995,BOTOPASS,26/08/2020,WKS ENE,South Korea,,,,ILUV
Seoyoung,Lee Seoyoung,27/06/1994,Hello Venus,9/05/2012,Fantagio,South Korea,,,,
Seoyul,Seo Yuri,26/11/1997,Berry Good,21/05/2014,Asia Bridge,South Korea,,,,
Serim,Park Serim,3/03/1999,CRAVITY,14/04/2020,Starship,South Korea,,,,
Serri,Park Miyeon,16/09/1990,Dal Shabet,3/01/2011,Happy Face,South Korea,,Seoul,,
Seulgi,Kang Seulgi,10/02/1994,Red Velvet,1/08/2014,SM,South Korea,,Seoul,Red Velvet - IRENE SEULGI,
Seulgi,Jeong Seulgi,12/05/1990,S#aFLA,14/07/2021,Winnerzone,South Korea,,,,
Seungah,Oh Seungah,13/09/1988,Rainbow,12/11/2009,DSP,South Korea,,Seoul,Rainbow Blaxx| Rainbow Pixie,
Seungchan,Kang Seungchan,1/01/2003,Newkidd,25/04/2019,J-FLO,South Korea,,,,
Seungeun,Shim Seungeun,27/12/2000,BVNDIT,10/04/2019,MNH,South Korea,,,,
Seunghan,Lee Seunghan,22/02/1996,DUSTIN,6/01/2020,LPA,South Korea,,,,
Seunghee,Oh Seunghee,10/10/1995,CLC,19/03/2015,Cube,South Korea,,Gwangju,,
Seunghee,Hyun Seunghee,25/01/1996,Oh My Girl,21/04/2015,WM,South Korea,,Chuncheon,,
Seungheon,Lee Seungheon,15/05/2007,8TURN,30/01/2023,MNH,South Korea,,,,
Seungho,Yang Seungho,16/10/1987,MBLAQ,14/10/2009,J. Tune,South Korea,,Seoul,,
Seunghun,Kim Seunghun,26/02/1999,CIX,23/07/2019,C9,South Korea,,,,
Seunghwan,Lee Seunghwan,20/05/2000,1the9,9/02/2019,MBK,South Korea,,,,
Seunghwan,Park Seunghwan,6/04/2002,AIMERS,17/11/2022,Hyper Rhythm,South Korea,,,,
Seunghwan,Jeong Seunghwan,27/01/2004,ATBO,27/07/2022,IST,South Korea,,Busan,,
Seunghwan,Lee Seunghwan,10/12/1994,Romeo,4/11/2015,CT,South Korea,,,,
Seunghyub,Lee Seunghyub,31/10/1992,N.Flying,20/05/2015,FNC,South Korea,,Daegu,,
Seunghyun,Lee Seunghyun,17/07/1998,AIMERS,17/11/2022,Hyper Rhythm,South Korea,,,,Spectrum
Seunghyun,Song Seungyun,21/08/1992,FTISLAND,7/06/2007,FNC,South Korea,,Seoul,,
Seunghyun,Lee Seunghyun,31/12/2001,TheEastLight,15/11/2018,Stardium,South Korea,,,,
Seungjun,Ji Seungjun,15/09/1998,Astin,16/11/2022,AB Creative,South Korea,,,,
Seungkwan,Boo Seungkwan,16/01/1998,Seventeen,26/05/2015,Pledis,South Korea,,Jeju,,
Seungmin,Bae Seungmin,13/10/1998,Golden Child,28/08/2017,Woollim,South Korea,,,,
Seungmin,Lee Seungmin,3/02/1996,Hash Tag,11/10/2017,LUK,South Korea,,,,
Seungmin,Kim Seungmin,22/09/2000,Stray Kids,25/03/2018,JYP,South Korea,,Seoul,,
Seungri,Lee Seunghyun,12/12/1990,,,,South Korea,,Gwangju,,BIGBANG
Seungsik,Kang Seungsik,16/04/1995,VICTON,9/11/2016,Plan A,South Korea,,,,
Seungwoo,Han Seungwoo,24/12/1994,VICTON,9/11/2016,Plan A,South Korea,,,,X1
Seungyeon,Jang Seunyeon,6/11/1996,CLC,19/03/2015,Cube,South Korea,,Seongnam,,
Seungyeon,Han Seungyeon,24/07/1988,KARA,29/03/2007,DSP,South Korea,,Seoul,,
Seungyeop,Choi Seungyeop,8/05/1997,E'LAST,9/06/2020,E Entertainment,South Korea,,,,
Seungyoon,Cho Seungyoon,5/08/1996,UNIQ,20/10/2014,Yuehua,South Korea,,,,X1
Seyeon,Park Seyeon,6/05/2001,Purplebeck,24/06/2019,Majesty,South Korea,,,,
Seyong,Kim Seyong,20/11/1991,MYNAME,27/10/2011,H2,South Korea,,Busan,,
Seyoung,Ha Seyoung,3/02/1999,ARTBEAT,16/11/2022,AB Creative,South Korea,,Daegu,,
Seyoung,Lee Seyoung,8/02/1990,CROSS GENE,8/07/2012,Amuse,South Korea,,Busan,,
Shana,Nonaka Shana,13/03/2003,Lapillus,22/06/2022,MLD,Japan,,Kochi,,
Sheon,Kim Suyeon,28/01/2003,Billlie,10/11/2021,MYSTIC,South Korea,,,,
Shiho,Kwon Subin,22/08/2001,BOTOPASS,26/08/2020,WKS ENE,South Korea,,,,
Shihyun,Kim Shihyun,6/05/1998,We In The Zone,27/05/2019,Choon,South Korea,,Changwon,,
Shin,Shin Wonho,23/10/1991,CROSS GENE,8/07/2012,Amuse,South Korea,,Seoul,,
Shin,Kim Suhyun,18/03/2000,Ghost9,23/09/2020,Maroo,South Korea,,,,
Shin Hyesung,Jung Pilkyo,27/11/1979,Shinhwa,24/03/1998,SM| Good| Shinhwa,South Korea,,Seoul,,
Shindong,Shin Donghee,28/09/1985,Super Junior,6/11/2005,SM,South Korea,,Mungyeong,,
Shinwon,Go Shinwon,11/12/1995,PENTAGON,10/10/2016,Cube,South Korea,,,,
Shinye,Kam Yerim,7/03/2004,MAJORS,9/03/2021,ANS,South Korea,,,,
Shinyoung,Park Shinyoung,19/03/2000,G-reyish,1/06/2017,Elijah,South Korea,,,,
Shita,Chae Gaho,1/10/1998,JWiiver,17/02/2022,JTG,Macau,,Macau,,
Shotaro,Osaki Shotaro,25/11/2000,NCT,9/04/2016,SM,Japan,,,NCT U,
Shownu,Son Hyunwoo,18/06/1992,MONSTA X,14/05/2014,Starship,South Korea,,,,
Shuhua,Yeh Shuhua,6/01/2000,(G)I-DLE,2/05/2018,Cube,Taiwan,,,,
Sian,Choi Changmin,1/02/2001,T1419,21/09/2007,CJ E&M,South Korea,,,,
Sieun,Lee Sieun,29/05/2001,ARTBEAT,16/11/2022,AB Creative,South Korea,,Daegu,,
Sieun,Lee Sieun,19/09/1993,CHECKMATE,19/06/2012,Yedang,South Korea,,,,
Sieun,Park Sieun,1/08/2001,STAYC,12/11/2020,Hi-Up,South Korea,,Seoul,,
Sihyeon,Kang Sihyeon,15/07/1998,ARIAZ,23/10/2019,Rising Star,South Korea,,,,
Sihyeon,Hwang Sihyeon,12/03/2005,CSR,27/07/2022,A2Z,South Korea,,Uijeongbu,,
Sihyeon,Kim Sihyeon,5/08/1999,Everglow,18/03/2019,Yuehua,South Korea,,,,
Sihyoung,Kim Sihyoung,15/05/1992,HISTORY,26/04/2013,LOEN,South Korea,,Busan,,
Sihyun,Park Sihyun,29/11/1986,SPICA,7/02/2012,CJ E&M,South Korea,,,SPICA-S,SPICA
Sika,Ren Shika,22/08/1995,,,,China,,,,FANATICS
Simyeong,Lee Simyeong,27/05/1999,BVNDIT,10/04/2019,MNH,South Korea,,,,
SinB,Hwang Eunbi,3/06/1998,VIVIZ,9/02/2022,Big Planet Made,South Korea,,Cheongju,,Gfriend
Sio,Jeong Jiho,6/10/2004,FIFTY FIFTY,18/11/2022,ATTRAKT,South Korea,,Iksan,,
Sion,Kim Sion,19/10/2004,YOUNITE,20/04/2022,Brand New,South Korea,,,,
Sitala,Sitala Wongkrachang,23/04/1996,,,,Thailand,,,,H1-KEY
Siu,Hwang Inseok,19/05/1995,DUSTIN,6/01/2020,LPA,South Korea,,,,
Siwan,Yim Siwan,1/12/1988,ZE:A,7/01/2010,Star Empire,South Korea,,Busan,,
Siwon,Choi Siwon,7/04/1986,Super Junior,6/11/2005,SM,South Korea,,Seoul,Super Junior-M,
Siwoo,Park Siwoo,5/02/2001,BLANK2Y,24/05/2022,Keystone,South Korea,,,,
Siwoo,Yoo Siwoo,11/05/2001,TRCNG,10/10/2017,TS,South Korea,,,,
Siyeon,Lee Siyeon,1/10/1995,Dreamcatcher,13/01/2017,Happy Face,South Korea,,Daegu,,Minx
Siyoon,Kim Siyoon,16/02/2005,Billlie,10/11/2021,MYSTIC,South Korea,,,,
Siyoung,Park Siyoung,6/05/2003,Mirae,17/03/2021,DSP,South Korea,,,,
Sodam,Park Sodam,26/11/2004,BLANK2Y,24/05/2022,Keystone,South Korea,,,,
Soeun,Bang Soeun,10/12/2005,TRI.BE,17/02/2021,TR - Mellow,South Korea,,,,
Soeun,Park Soeun,26/10/2002,Weeekly,30/07/2020,Play M,South Korea,,,,
Sohee,Uhm Sohee,1/01/2004,,,,South Korea,,,,ICHILLIN'
Sohee,Kim Sohee,31/12/1999,ALICE,1/07/2017,IOK Company,South Korea,,,,
Sohee,Kim Sohee,20/01/1995,Nature,3/08/2018,n.CH,South Korea,,Busan,C.I.V.A,I.B.I
Sohee,Kim Sohee,14/08/2003,Rocket Punch,7/08/2019,Woollim,South Korea,,,,
Sohye,Kim Sohye,19/07/1999,,,,South Korea,,Seoul,,I.O.I
Sohyun,Kwon Sohyun,30/08/1994,4minute,15/06/2009,Cube,South Korea,,Seoul,,
Sojin,Jo Sojin,11/10/1991,9Muses,12/08/2010,Star Empire,South Korea,,Gwangju,9MUSES A,
Sojin,Park Sojin,21/05/1986,Girl's Day,9/07/2010,DreamT,South Korea,,Daegu,,
Sojin,Hong Sojin,24/09/1999,Hash Tag,11/10/2017,LUK,South Korea,,,,
Sojung,Lee Sojung,3/09/1993,Ladies' Code,7/03/2013,Polaris,South Korea,,Wonju,,
Solar,Kim Yongsun,21/02/1991,Mamamoo,18/06/2014,RBW,South Korea,,Seoul,,
Solbin,Ahn Solbin,19/08/1997,LABOUM,27/08/2014,NH,South Korea,,Ojeonggu,,
Solji,Heo Solji,10/01/1989,EXID,16/02/2012,Yedang,South Korea,,Seongnam,,
Somi,Jeon Somi,9/03/2001,,,,South Korea,Canada,Ontario,,I.O.I
Somin,Jang Somin,10/11/1993,BADKIZ,24/03/2014,Zoo,South Korea,,Gwangmyeon,,
Somin,Jeon Somin,22/08/1996,KARD,29/03/2007,DSP,South Korea,,Seoul,,April
Somyi,Ahn Somyi,26/01/2000,DIA,14/07/2015,MBK,South Korea,,Changwon,L.U.B,
Song,Song Yunhyeong,8/02/1995,iKON,15/09/2015,YG,South Korea,,,,
Songhee,Yoon Songhee,8/11/1998,BVNDIT,10/04/2019,MNH,South Korea,,,,
SongSun,Kim Songsun,22/03/1997,TRI.BE,17/02/2021,TR - Mellow,South Korea,,,,
Songyee,Park Songyee,25/09/2004,,,,South Korea,,,,woo!ah!
Soobin,Choi Soobin,5/12/2000,TXT,4/03/2019,Big Hit,South Korea,,,,
Soobin,Park Soobin,14/09/1996,WJSN,25/02/2016,Starship,South Korea,,Seoul,WJSN Chocome,
Soodam,Lee Soodam,9/11/1999,SECRET NUMBER,19/05/2020,Vine,South Korea,,,,
Soohyun,Shin Soohyun,11/03/1989,U-KISS,28/08/2008,NH Media,South Korea,,Pocheon,,
Soojin,Seo Soojin,9/03/1998,,,,South Korea,,,,(G)I-DLE
Soojin,Lee Soojin,12/12/2001,Weeekly,30/07/2020,Play M,South Korea,,,,
Soojung,Hwang Soojung,10/05/2001,Hi-L,11/08/2021,Kpop Live,South Korea,,Yongin,,
Soomin,Kim Soomin,3/10/2007,tripleS,13/02/2023,MODHAUS,South Korea,,Daegu,,
Sooyoung,Choi Sooyoung,10/02/1990,SNSD,4/08/2021,Good Luck,South Korea,,Gwangju,,
Sora,Sakata Sora,30/08/2003,woo!ah!,15/05/2020,NV,Japan,,,,
Sorn,Chonnasorn Sajakul,18/11/1996,CLC,19/03/2015,Cube,Thailand,,Bangkok,,
Soso,Wang Chingyi,14/03/2001,GWSN,5/09/2018,Kiwi Pop,Taiwan,,,,
Soul,Haku Shota,1/02/2005,P1Harmony,28/10/2020,FNC,Japan,,,,
Sowon,Kim Sojung,7/12/1995,Gfriend,15/01/2015,Source,South Korea,,Seoul,,
Sowon,Nam Soeun,13/12/2004,TRACER,3/04/2022,Gleamedia,South Korea,,,,
Soyee,Jang Sojin,21/11/1996,Gugudan,28/06/2016,Jellyfish,South Korea,,,,
Soyeon,Park Soyeon,5/10/1987,,,,South Korea,,Andong,,T-ara
Soyeon,Jeon Soyeon,26/08/1998,(G)I-DLE,2/05/2018,Cube,South Korea,,,,
Soyeon,Jung Soyeon,4/05/1994,LABOUM,27/08/2014,NH,South Korea,,Gwangju,,
Soyou,Kang Jihyun,12/02/1992,SISTAR,6/03/2010,Starship,South Korea,,,,
Soyoung,Yoo Soyoung,29/03/1996,,,,South Korea,,Seoul,,After School
Soyul,Park Hyekyeong,15/05/1991,Crayon Pop,18/07/2012,Chrome,South Korea,,Seoul,,
St. Van,Lee Geumhyuk,22/12/1991,VAV,31/10/2015,A team,South Korea,,,,
Steve,Lim Dohyun,9/03/2002,YOUNITE,20/04/2022,Brand New,South Korea,USA,Los Angeles,,
Steven,Kim Steven,17/01/2000,Luminous,9/09/2021,Barunson,South Korea,Australia,Sydney,,
Sua,Yoo Sua,23/07/2005,CSR,27/07/2022,A2Z,South Korea,,Anyang,,
Sua,Kim Bora,10/08/1994,Dreamcatcher,13/01/2017,Happy Face,South Korea,,Changwon,,Minx
Sua,Yang Sua,24/03/1995,Hash Tag,11/10/2017,LUK,South Korea,,Gwangju,,
Sua,Choi Sooah,24/02/2003,Pixy,24/02/2021,ALLART,South Korea,,,,
Subin,Park Subin,12/02/1994,Dal Shabet,3/01/2011,Happy Face,South Korea,,Gwangju,,
Subin,Oh Subin,30/09/1998,Hash Tag,11/10/2017,LUK,South Korea,,,,
Subin,Jung Subin,5/04/1999,VICTON,9/11/2016,Plan A,South Korea,,,,
Suga,Min Yoongi,9/03/1993,BTS,13/06/2013,Big Hit,South Korea,,Daegu,,
Sugyeong,Jo Sugyeong,12/01/2000,Favorite,5/07/2017,Astory,South Korea,,Haenam,,
Suho,Kim Junmyeon,22/05/1991,EXO,8/04/2012,SM,South Korea,,Seoul,,
Suhye,Kim Suhye,13/12/2004,LIMELIGHT,17/02/2023,143,South Korea,,Incheon,,
Suhyeon,Kim Suhyun,15/01/2000,Billlie,10/11/2021,MYSTIC,South Korea,,Daegu,,
Suhyeon,Kim Seunghyun,19/04/1988,S#aFLA,14/07/2021,Winnerzone,South Korea,,,,1PS
Suhyun,Choi Hyunggeun,1/10/1992,SNUPER,16/11/2015,Widmay,South Korea,,Bucheon,,
Suil,Ma Suil,30/03/1999,Luminous,9/09/2021,Barunson,South Korea,,Gwangju,,
Sujeong,Ryu Sujeong,19/11/1997,Lovelyz,17/11/2014,Woollim,South Korea,,Daejeon,,
Suji,Lee Suji,20/03/1998,UNI.T,18/05/2018,Unit Culture,South Korea,,Busan,,The Ark
Sujin,Bang Sujin,26/06/1996,Wassup,7/08/2013,Mafia,South Korea,,,,
Sukjun,Lee Sukjun,31/01/2000,ABLUE,23/10/2022,J-Star,South Korea,,,,ANTARES
Sulli†,Choi Jinri,29/03/1994,,,,South Korea,,Busan,,f(x)
Sullyoon,Seol Yoona,26/01/2004,NMIXX,22/02/2022,JYP,South Korea,,,,
Sumin,Park Sumin,9/09/2001,Dreamnote,7/11/2018,iME,South Korea,,,,
Sumin,Ji Sumin,3/03/1994,Sonamoo,29/12/2014,TS,South Korea,,Yongin,,
Sumin,Bae Sumin,13/03/2001,STAYC,12/11/2020,Hi-Up,South Korea,,Pohang,,
Sumin,Choi Sumin,7/04/2004,xikers,30/03/2023,KQ,South Korea,,Seoul,,
Sun J,Jeon Heesun,13/02/2001,Girlkind,16/01/2018,Nextlevel,South Korea,,,,
Sungah,Son Sungah,8/07/1989,9Muses,12/08/2010,Star Empire,South Korea,Fiji,Suma,,
Sungchan,Jung Sungchan,13/09/2001,NCT,9/04/2016,SM,South Korea,,,NCT U,
Sunghoon,Park Sunghoon,8/12/2002,ENHYPEN,30/11/2020,Be:lift,South Korea,,,,
Sunghyuk,Seo Sunghyuk,26/08/1999,,,,South Korea,,,,
Sunghyun,Kim Sunghyun,16/03/1996,IN2IT,27/01/2016,Star Empire,South Korea,,,,
Sungjae,Yook Sungjae,2/05/1995,BtoB,21/03/2012,Cube,South Korea,,Yongin,Big Byung,
Sungjin,Park Sungjin,16/01/1993,DAY6,7/09/2015,JYP,South Korea,,,,
Sungjong,Lee Sungjong,3/09/1993,Infinite,9/06/2010,Woollim,South Korea,,Gwangju,Infinite F,
Sungjoo,Kim Sungjoo,16/02/1994,UNIQ,20/10/2014,Yuehua,South Korea,,,,
Sungjun,Lee Sungjun,15/06/2002,BLANK2Y,24/05/2022,Keystone,South Korea,,,,
Sungjun,Park Sungjun,17/12/1992,Boys Republic,3/06/2013,Happy Tribe| Universal,South Korea,,Ansan,,
Sungjun,Oh Sungjun,30/08/2005,TNX,17/05/2022,P NATION,South Korea,,Ulsan,,
Sungkyu,Kim Sungkyu,28/04/1989,Infinite,9/06/2010,Woollim,South Korea,,Jeonju,,
Sungmin,Oh Sungmin,31/12/1990,Bigflo,19/07/2014,HO,South Korea,,,,
Sungmin,Lee Sungmin,1/01/1986,Super Junior,6/11/2005,SM,South Korea,,Gyeonggi,Super Junior-M,
Sungoh,Yoo Sungoh,8/01/1991,,,,South Korea,,,,24K
Sungwoon,Ha Sungwoon,22/03/1994,Wanna One,7/08/2017,YMC,South Korea,,Goyang,HOTSHOT,
Sungyeol,Lee Sungyeol,27/08/1991,Infinite,9/06/2010,Woollim,South Korea,,Yongin,Infinite F,
Sungyeon,Bae Sungyeon,25/05/1999,Pristin,21/03/2017,Pledis,USA,South Korea,California,,
Sunhwa,Han Sunhwa,6/10/1990,,,,South Korea,,Busan,,SECRET
Sunmi,Lee Sunmi,2/05/1992,Wonder Girls,13/02/2007,JYP,South Korea,,Iksan,,
Sunn,Hwang Jiwon,7/02/2000,,,,South Korea,,Jincheon,,Good Day| Cignature
Sunny,Lee Sunkyu,15/05/1989,SNSD,4/08/2021,Good Luck,South Korea,,California,,
Sunoo,Kim Sunwoo,24/06/2003,ENHYPEN,30/11/2020,Be:lift,South Korea,,,,
Sunshine,Kim Minjung,20/06/2002,NATURE,3/08/2018,n.CH,South Korea,,,,
Sunwoo,Choi Sunwoo,12/03/1992,Boys Republic,3/06/2013,Happy Tribe| Universal,South Korea,,Seoul,,
Sunwoo,Kim Sunwoo,12/04/2000,The Boyz,31/12/2017,Cre.Ker,South Korea,,,,
Sunyoul,Seon Yein,6/11/1996,UP10TION,10/09/2015,TOP Media,South Korea,,Wando,,
Suri,Kang Suri,11/10/1994,CHECKMATE,19/06/2012,Yedang,South Korea,,,,
Surin,Kim Surin,27/12/1991,Two X,20/08/2012,J. Tune,South Korea,,,,
Suwoong,Lee Suwoong,20/01/1995,Boys Republic,3/06/2013,Happy Tribe| Universal,South Korea,,,,
Suyeon,Ji Suyeon,20/04/1997,Weki Meki,8/08/2017,Fantagio,South Korea,,,,
Suyun,Kim Suyun,17/03/2001,Rocket Punch,7/08/2019,Woollim,South Korea,,,,
Suzy,Kim Suji,3/06/2001,MAJORS,9/03/2021,ANS,South Korea,,,,
Suzy,Bae Suji,10/10/1994,miss A,1/07/2010,JYP,South Korea,,Gwangju,,
Swan,Kim Suan,28/12/2000,CRAXY,3/03/2020,SAITEINMENT,South Korea,,,,
Swan,Park Soojin,11/07/2003,Purple Kiss,15/03/2021,RBW,South Korea,,,,
Sya,Lee Junyoung,9/09/2002,BLITZERS,12/05/2021,Wuzo,South Korea,,,,
T.O.P,Choi Seunghyun,4/11/1987,BIGBANG,19/08/2006,YG,South Korea,,Seoul,GD&TOP,
Taecyeon,Ok Taecyeon,27/12/1988,2PM,4/07/2008,JYP,South Korea,,Busan,,
Taedong,Kim Taedong,7/11/1997,OMEGA X,17/10/2016,JT Corea,South Korea,,,,GIDONGDAE
Taeeun,Moon Taeeun,9/02/2000,IM,4/04/2022,FC ENM,South Korea,,,,
Taeha,Yoo Taeha,5/10/1995,,,,South Korea,,,,Berry Good
Taeha,Kim Taeha,3/06/1998,,,,South Korea,,Jeonju,,MOMOLAND
Taeheon,Kim Taeheon,18/06/1989,ZE:A,7/01/2010,Star Empire,South Korea,,Gwangju,,
Taehun,Lee Taehoon,21/03/2000,NINE.i,30/03/2022,FirstOne,South Korea,,,,
Taehun,Choi Taehun,19/11/2002,TNX,17/05/2022,P NATION,South Korea,,Incheon,,
Taehyun,Nam Taehyun,10/05/1994,,,,South Korea,,Hanam,,WINNER
Taehyun,Noh Taehyun,15/10/1993,HOTSHOT,29/10/2014,Star Crew,South Korea,,Seoul,JBJ,
Taehyun,Kang Taehyun,5/02/2002,TXT,4/03/2019,Big Hit,South Korea,,,,
Taeil,Lee Taeil,24/09/1990,Block B,15/04/2011,KQ,South Korea,,Seoul,,
Taeil,Moon Taeil,14/06/1994,NCT,9/04/2016,SM,South Korea,,Seoul,NCT U| NCT 127,
Taekhyeon,Jung Taekhyeon,28/07/2003,1the9,9/02/2019,MBK,South Korea,,Gunpo,,
Taemin,Lee Taemin,18/07/1993,SHINee,25/05/2008,SM,South Korea,,Seoul,SuperM,
Taera,Lee Yujin,12/04/1994,Gate9,26/01/1999,JYP| SidusHQ,South Korea,,Incheon,,
Taerae,Kim Taerae,5/09/2002,TEMPEST,2/03/2022,Yuehua,South Korea,,,,
Taeryeong,Lim Jeongmin,27/12/2000,LUNARSOLAR,2/09/2020,J Planet,South Korea,,,,
Taeseon,Yang Taeseon,17/09/2000,TRCNG,10/10/2017,TS,South Korea,,,,
Taesung,Lee Taesung,19/12/2003,,,,South Korea,,,TEEN TEEN,Ghost9
Taewoong,Yoo Taewoong,24/05/1994,SNUPER,16/11/2015,Widmay,South Korea,Japan,,,
Taeyang,Dong Youngbae,18/05/1988,BIGBANG,19/08/2006,YG,South Korea,,Uljeongbu,,
Taeyang,Yoo Taeyang,28/02/1997,SF9,5/10/2016,FNC,South Korea,,,,
Taeyeon,Kim Taeyeon,9/03/1989,SNSD,4/08/2021,Good Luck,South Korea,,Jeonju,TTS| Oh!GG,
Taeyong,Lee Taeyong,1/07/1995,NCT,9/04/2016,SM,South Korea,,,NCT U| NCT 127|SuperM,
Taeyoung,Kim Taeyoung,18/06/1999,7 O'clock,26/08/2014,Jungle,South Korea,,,,
Taeyoung,Kim Taeyoung,27/01/2003,CRAVITY,14/04/2020,Starship,South Korea,,,,
TAG,Yeom Taekyun,30/09/2002,Ciipher,15/03/2021,Rain,South Korea,,,,
TAG,Son Youngtaek,13/04/1998,Golden Child,28/08/2017,Woollim,South Korea,,,,
Takuya,Terada Takuya,18/03/1992,CROSS GENE,8/07/2012,Amuse,Japan,,Moriya,,
Tan,Choi Seokwon,25/08/1996,Ciipher,15/03/2021,Rain,South Korea,,,,
Tao,Hwang Zitao,2/05/1993,,,,China,,Qingdao,,EXO
Taro,Choi Wonjin,9/11/1994,Hot Blood Youth,17/05/2017,FNC,South Korea,,,,
Ten,Chittaphon Leechaiyapornkul,27/02/1996,NCT,9/04/2016,SM,Thailand,,Bangkok,NCT U|SuperM,
Teo,Jang Sungsik,22/10/1997,DKB,3/02/2020,Brave,South Korea,,,,
Terry,Han Dasom,2/02/1998,,,,South Korea,,,,NeonPunch
The8,Xu Minghao,7/11/1997,Seventeen,26/05/2015,Pledis,China,,Anshan,,
Theo,Choi Taeyang,1/07/2001,P1Harmony,28/10/2020,FNC,South Korea,,,,
Thunder,Park Sanghyun,7/10/1990,,,,South Korea,,Busan,,MBLAQ
Tiffany,Hwang Miyoung,1/08/1989,SNSD,4/08/2021,Good Luck,South Korea,USA,San Francisco,TTS,
Timoteo,Kim Moongyu,25/01/1993,HOTSHOT,29/10/2014,Star Crew,South Korea,,,,
Tina,Christine Joy Park,1/09/1994,Blady,16/05/2011,Star Planet,USA,South Korea,Los Angeles,,
Tsuki,Fukutomi Tsuki,21/09/2002,Billlie,10/11/2021,MYSTIC,Japan,,,,
Tzuyu,Chou Tzuyu,14/06/1999,Twice,20/10/2015,JYP,Taiwan,,Tainan,,
U,Sun Hengyu,22/06/2001,BLANK2Y,24/05/2022,Keystone,China,,,,
U,Mizuguchi Yuto,16/03/1999,ONF,2/08/2017,WM,Japan,,Osaka,,
Uchae,Yu Hyejun,7/05/2002,NATURE,3/08/2018,n.CH,South Korea,,,,
Uee,Kim Yujin,9/04/1988,,,,South Korea,,Daegu,,After School
Uji,Jang Yuji,2/01/1991,,,,South Korea,,,,EXID| BESTie
U-Know Yunho,Jung Yunho,6/02/1986,TVXQ,6/09/1995,MBK| Turbo Co.,South Korea,,Gwangju,,
U-Kwon,Kim Yukwon,9/04/1992,Block B,15/04/2011,KQ,South Korea,,Suwon,Bastarz,
Umji,Kim Yewon,19/08/1998,VIVIZ,9/02/2022,Big Planet Made,South Korea,,Incheon,,Gfriend
U-Si,Yoo Jiyeon,13/11/1997,BADKIZ,24/03/2014,Zoo,South Korea,,Iksan,,
V,Kim Taehyung,30/12/1995,BTS,13/06/2013,Big Hit,South Korea,,Daegu,,
Vahn,Kim Jungwoo,7/05/1999,NINE.i,30/03/2022,FirstOne,South Korea,,,,
Vari,Jae Hyun,3/09/2000,NINE.i,30/03/2022,FirstOne,South Korea,,,,
Vernon,Choi Hansol,18/02/1998,Seventeen,26/05/2015,Pledis,USA,South Korea,New York,,
Via,Kim Via,17/08/2000,FANATICS,6/08/2019,FENT,South Korea,,Busan,,
Victoria,Song Qian,2/02/1987,f(x),5/09/2009,SM,China,,Qingdao,,
Viki,Kang Eunhye,28/03/1988,,,,South Korea,,Seoul,,Dal Shabet
Vita,Kim Jimin,3/02/2000,MAJORS,9/03/2021,ANS,South Korea,,,,
Vivi,Wong Viian,9/12/1996,LOONA,20/08/2018,Blockberry,Hong Kong,,Hong Kong,Loona 1/3,
Vivian,Park Sunghee,8/12/1998,Gate9,26/01/1999,JYP| SidusHQ,South Korea,,,,
Way,Heo Minsun,12/07/1990,Crayon Pop,18/07/2012,Chrome,South Korea,,Seoul,,
Wei,Lee Sungjun,8/07/1996,UP10TION,10/09/2015,TOP Media,South Korea,,Seoul,,
Wendy,Son Seunghwan,21/02/1994,Red Velvet,1/08/2014,SM,South Korea,,Seoul,,
Wenhan,Li Wenhan,22/07/1994,UNIQ,20/10/2014,Yuehua,China,,,,
Wheein,Jung Wheein,17/04/1995,Mamamoo,18/06/2014,RBW,South Korea,,Jeonju,,
Win,Bang Junhyuk,19/12/2004,MCND,27/02/2020,TOP Media,South Korea,,,,
Windy,Park Jinju,23/02/2000,Girls' World,20/06/2002,Liz,South Korea,,Daejeon,,
WinL,Yang Seungho,16/06/1996,ABLUE,23/10/2022,J-Star,South Korea,,Paju,,BECZ
Winnie,Pattipong Kasemsant,18/11/1998,NINE.i,30/03/2022,FirstOne,Thailand,,,,
Winter,Kim Minjung,1/01/2001,aespa,17/11/2020,SM,South Korea,,Yangsan,,
Winwin,Dong Sicheng,28/10/1997,NCT,9/04/2016,SM,China,,Zhejiang,NCT 127,
Wish,Kwak Dawit,11/06/2002,EPEX,8/06/2021,C9,South Korea,,,,
Won,Park Sungwon,18/12/2003,Ciipher,15/03/2021,Rain,South Korea,,Seoul,,1the9
Won Bin,Won Bin,1/07/2004,ATBO,27/07/2022,IST,South Korea,,Gyeonggi,,
Won Hyuk,Won Hyuk,22/02/2002,E'LAST,9/06/2020,E Entertainment,South Korea,,,,
Wonchae,Hwang Chaewon,22/12/2002,Queenz Eye,24/10/2022,Big Mountain,South Korea,,Incheon,,
Woncheol,Jung Woncheol,12/01/1996,MY.st,26/03/2020,MYStar,South Korea,,,,
Wondae,Seol Wondae,28/04/1998,Dongkiz,24/04/2019,Dongyo,South Korea,,,,
Wonho,Shin Hoseok,1/03/1993,,,,South Korea,,Anyang,,MONSTA X
Wonjin,Ham Wonjin,22/03/2001,CRAVITY,14/04/2020,Starship,South Korea,,,,
Wonjin,Won Jin,1/01/2003,GIDONGDAE,3/04/2013,Simtong,South Korea,,,,
Wonjun,Jeong Wonjun,21/07/1998,ABLUE,23/10/2022,J-Star,South Korea,,,,ZPZG
Wonjun,Lee Wonjun,8/03/2002,E'LAST,9/06/2020,E Entertainment,South Korea,,,,
Wonpil,Kim Wonpil,28/04/1994,DAY6,7/09/2015,JYP,South Korea,,,,
Wontak,Ju Wontak,24/02/1996,,,,South Korea,,,,RAINZ
Wonwoo,Jeon Wonwoo,17/07/1996,Seventeen,26/05/2015,Pledis,South Korea,,Changwon,,
Wony,Ahn Seungwon,4/10/2004,We;Na,5/09/2022,Shine E&M,South Korea,,,,
Wonyoung,Jang Wonyoung,31/08/2004,IVE,1/12/2021,Starship,South Korea,,Seoul,,IZ*ONE
Woo-ah,Kim Chaewon,20/06/1997,CRAXY,3/03/2020,SAITEINMENT,South Korea,,,,
Woobin,Seo Woobin,16/10/2000,CRAVITY,14/04/2020,Starship,South Korea,,,,
Woobin,Jeong Woobin,1/04/2000,Luminous,9/09/2021,Barunson,South Korea,,Busan,,
Woochul,Shin Woochul,2/10/2002,Newkidd,25/04/2019,J-FLO,South Korea,,,,
Woodam,Park Woodam,2/08/1995,D1CE,1/08/2019,Happyface,South Korea,,,,
Woohee,Bae Woohee,21/11/1991,Dal Shabet,3/01/2011,Happy Face,South Korea,,Busan,UNI.T,
Woohyun,Nam Woohyun,8/02/1991,Infinite,9/06/2010,Woollim,South Korea,,Seoul,Toheart,
Woojin,Kim Woojin,8/04/1997,,,,South Korea,,Daejeon,,Stray Kids
Woojin,Park Woojin,2/11/1999,AB6IX,22/05/2019,Brand New,South Korea,,Busan,,Wanna One
Woojin,Lee Woojin,7/04/2003,Ghost9,23/09/2020,Maroo,South Korea,,,TEEN TEEN,
Woojin,Lee Woojin,22/11/1996,MY.st,26/03/2020,MYStar,South Korea,,,,
Woojin,Lee Woojin,3/04/2003,TheEastLight,15/11/2018,Stardium,South Korea,,,,
Woojoo,Kim Sangyoon,18/09/1996,14U,17/04/2017,BG,South Korea,,,,
Woojoo,Kim Woojoo,12/08/1996,Wassup,7/08/2013,Mafia,South Korea,,,,
Wooju,Cho Wooju,21/01/2004,BLITZERS,12/05/2021,Wuzo,South Korea,,,,
Woolim,Hwang Woolim,29/08/1996,Playback,25/06/2015,Coridel,South Korea,,,,
Woonggi,Cha Woonggi,23/04/2002,TOO,1/04/2020,n.CH,South Korea,,,,
Woono,Song Wonho,5/04/2003,YOUNITE,20/04/2022,Brand New,South Korea,,,,
Woori,Go Woori,22/02/1988,Rainbow,12/11/2009,DSP,South Korea,,Jeonju,Rainbow Blaxx,
Wooseok,Jeong Wooseok,31/01/1998,PENTAGON,10/10/2016,Cube,South Korea,,,,
Wooshin,Kim Wooseok,27/10/1996,UP10TION,10/09/2015,TOP Media,South Korea,,Daejeon,,X1
Woosu,Kim Minseok,23/11/1999,IZ,31/08/2017,Music K,South Korea,,,,
Woosung,Choi Sunghyuk,24/09/1994,SNUPER,16/11/2015,Widmay,South Korea,,Seoul,,
Wooyeon,Park Jinkyung,11/02/2003,woo!ah!,15/05/2020,NV,South Korea,,,,
Wooyeop,Jo Wooyeop,27/09/2000,TRCNG,10/10/2017,TS,South Korea,,,,
Wooyoung,Jang Wooyoung,30/04/1989,2PM,4/07/2008,JYP,South Korea,,Busan,,
Wooyoung,Hwang Wooyoung,29/06/2003,AIMERS,17/11/2022,Hyper Rhythm,South Korea,,,,
Wooyoung,Jung Wooyoung,26/11/1999,ATEEZ,24/10/2018,KQ,South Korea,,,,
Woozi,Lee Jihoon,22/11/1996,Seventeen,26/05/2015,Pledis,South Korea,,Busan,,
Wow,Kim Seyoon,28/02/1993,A.C.E,23/05/2017,Beat,South Korea,,Gyeonggi,,
Wyatt,Shim Jaeyoung,23/01/1995,ONF,2/08/2017,WM,South Korea,,Seoul,,
Xeheun,Lee Seheun,11/07/1999,Girlkind,16/01/2018,Nextlevel,South Korea,,,,
XEN,Lee Jinwoo,20/02/1998,OMEGA X,17/10/2016,JT Corea,South Korea,,,,1TEAM
Xero,Shin Jiho,3/02/1994,Topp Dogg,1/04/2020,n.CH,South Korea,,Gwangji,,
Xia Junsu,Kim Junsu,15/12/1986,JYJ,8/09/2010,C-JeS,South Korea,,,,TVXQ
Xiao,Lee Dongyeol,13/12/1998,UP10TION,10/09/2015,TOP Media,South Korea,,Busan,,
XiaoTing,Shen Xiao Ting,12/11/1999,Kep1er,1/03/2022,WakeOne,China,,,,
Xin,Wang Xinwi,10/11/1996,VARSITY,5/01/2017,GKC,China,,,,
Xion,Son Dongju,10/01/2000,Oneus,9/01/2019,RBW,South Korea,,,,
Xiumin,Kim Minseok,26/03/1990,EXO,8/04/2012,SM,South Korea,,Guri,EXO-CBX,
Xiweol,Kang Minseok,21/10/1996,VARSITY,5/01/2017,GKC,South Korea,,,,
Xiyeon,Park Junghyun,14/11/2000,Pristin,21/03/2017,Pledis,South Korea,,,,
Xuanyi,Wu Xuanyi,26/01/1995,,,,China,,Hainan,,WJSN
Y,Choi Sungyoon,31/07/1995,Golden Child,28/08/2017,Woollim,South Korea,,,,
Yan An,Yan An,25/10/1996,PENTAGON,10/10/2016,Cube,China,,Shanghai,,
Yano,Seo Sangwon,27/09/1995,Topp Dogg,1/04/2020,n.CH,South Korea,,Seoul,,
Yeah,Kim Haeun,9/10/1999,,,,South Korea,,Gongju,,Good Day| Cignature
Yebin,Baek Yebin,13/07/1997,DIA,14/07/2015,MBK,South Korea,,Chuncheon,UNI.T,
Yebin,Kim Yebin,1/11/2004,HOT ISSUE,17/05/2017,FNC,South Korea,,,,
Yechan,Shin Yechan,14/05/2001,OMEGA X,17/10/2016,JT Corea,South Korea,,Seoul,,1the9
Yechan,Kim Yechan,26/11/1995,Pink Fantasy,28/10/2018,My Doll,South Korea,,,,
Yechan,Jeong Yechan,27/10/2005,TRENDZ,5/01/2022,Interpark,South Korea,,Seoul,,
Yechan,Lee Yechan,21/10/2005,xikers,30/03/2023,KQ,South Korea,,Yesan,,
Yedam,Bang Yedam,7/05/2002,Treasure,7/08/2020,YG,South Korea,,,,
YeeEun,Jang Yeeun,10/08/1998,CLC,19/03/2015,Cube,South Korea,,Dongducheon,,
Yeeun,Hwang Yeeun,12/01/1997,Blady,16/05/2011,Star Planet,South Korea,,Gimhae,,
Yeham,Gu Yeham,7/10/2005,CSR,27/07/2022,A2Z,South Korea,,Pyeongtaek,,
Yehana,Kim Yewon,22/02/1999,Pristin,21/03/2017,Pledis,South Korea,,Ilsan,,
Yehyeon,Kim Yehyeon,12/09/1999,GIDONGDAE,3/04/2013,Simtong,South Korea,,,,
Yein,Jeong Yein,4/06/1998,Lovelyz,17/11/2014,Woollim,South Korea,,Incheon,,
Yein,Ahn Yein,4/05/1995,MELODYDAY,25/09/2019,KD,South Korea,,,,
Yeji,Hwang Yeji,26/05/2000,ITZY,12/02/2019,JYP,South Korea,,Seoul,,
Yeju,Kim Yeju,1/02/2004,ICHILLIN',8/09/2021,KM,South Korea,,,,
Yejun,Oh Yejun,23/08/2002,E'LAST,9/06/2020,E Entertainment,South Korea,,,,
Yel,Han Shinyoung,25/12/2004,H1-KEY,5/01/2022,GLG,South Korea,,,,
Yellow,Kim Eunbi,5/05/1993,Pungdeng-E,11/12/2013,DOMA,South Korea,,Seoul,,
Yena,Yang Yena,22/05/2000,APRIL,24/08/2015,DSP,South Korea,,Daegu,,
Yena,Jeong Yena,10/04/2000,G-reyish,1/06/2017,Elijah,South Korea,,,,
Yena,Choi Yena,29/09/1999,IZ*ONE,29/10/2018,Off The Record,South Korea,,Seoul,,
Yenny,Park Yeeun,26/05/1989,Wonder Girls,13/02/2007,JYP,South Korea,,Goyang,,
Yeo One,Yeon Changgu,27/03/1996,PENTAGON,10/10/2016,Cube,South Korea,,,,
Yeoeun,Jung Jieun,25/01/1990,MELODYDAY,25/09/2019,KD,South Korea,,,,
Yeojin,Im Yeojin,11/11/2002,LOONA,20/08/2018,Blockberry,South Korea,,Guro,Loona 1/3,
Yeonha,Ahn Yeonji,19/05/2000,P.O.P,26/07/2017,DWM,South Korea,,Yeondong,,
Yeonhee,Kim Yeonhee,6/12/2000,Rocket Punch,7/08/2019,Woollim,South Korea,,,,
Yeonho,Ju Yeonho,31/05/2000,Verivery,1/09/2019,Jellyfish,South Korea,,,,
Yeonjae,Choi Yeonjae,6/12/2000,mimiirose,16/09/2022,YES IM,South Korea,,,,
Yeonje,Yang Yeonje,15/10/1999,ALICE,1/07/2017,IOK Company,South Korea,,,,
Yeonji,Kwak Yeonji,8/01/2008,tripleS,13/02/2023,MODHAUS,South Korea,,Gwangju,,
Yeonjoo,Song Yeonjoo,26/06/1997,P.O.P,26/07/2017,DWM,South Korea,,Ansan,,
Yeonjun,Choi Yeonjun,13/09/1999,TXT,4/03/2019,Big Hit,South Korea,,,,
Yeonjung,Yu Yeonjung,3/08/1999,WJSN,25/02/2016,Starship,South Korea,,Gwangmyeong,,I.O.I
Yeonkyu,Kim Yeonkyu,3/05/2004,ATBO,27/07/2022,IST,South Korea,,Seoul,,
Yeonseo,Ryu Yeonseo,26/09/2004,We;Na,5/09/2022,Shine E&M,South Korea,,,,
Yeontae,Jeong Yeontae,6/07/1992,IN2IT,27/01/2016,Star Empire,South Korea,,,,
Yeonwoo,Lee Dabin,1/08/1996,,,,South Korea,,Seoul,,MOMOLAND
Yeoreum,Ahn Chaeyeon,4/06/1996,Hello Venus,9/05/2012,Fantagio,South Korea,,,,
Yeoreum,Lee Jinsook,10/01/1999,WJSN,25/02/2016,Starship,South Korea,,Seoul,WJSN Chocome,
Yeori,Choi Yeori,8/09/1999,ARIAZ,23/10/2019,Rising Star,South Korea,,,,
Yeori,Kim Soyeon,30/05/1994,Gate9,26/01/1999,JYP| SidusHQ,South Korea,,Seoul,,
Yeosang,Kang Yeosang,15/06/1999,ATEEZ,24/10/2018,KQ,South Korea,,Incheon,,
Yeoun,Lee Kyeongbin,3/09/1997,ARGON,11/03/2019,MSH,South Korea,,,,
Yeowool,Ha Yeowool,11/04/1998,Purplebeck,24/06/2019,Majesty,South Korea,,,,
Yeram,Yang Yeram,31/03/2000,Astin,16/11/2022,AB Creative,South Korea,,,,
Yeri,Kim Yerim,5/03/1999,Red Velvet,1/08/2014,SM,South Korea,,Seoul,,
Yerim,Jeong Yerim,10/03/1997,Purplebeck,24/06/2019,Majesty,South Korea,,,,
Yerin,Baek Yerin,26/06/1997,15&,5/10/2012,JYP,South Korea,,Daejeon,,
Yerin,Jung Yerin,19/08/1996,Gfriend,15/01/2015,Source,South Korea,,Incheon,,
Yeryung,,22/06/2002,Lusty,26/06/2019,babaplay,South Korea,,Busan,,
Yeseo,Kang Yeseo,22/08/2005,Kep1er,1/03/2022,WakeOne,South Korea,,,,Busters
Yeseul,Kim Yeseul,24/03/2004,Hi-L,11/08/2021,Kpop Live,South Korea,,,,
Yeso,Lee Yeso,13/11/2001,G-reyish,1/06/2017,Elijah,South Korea,,,,
Yesung,Kim Jongwoon,24/08/1984,Super Junior,6/11/2005,SM,South Korea,,Seoul,,
Yeum,Jung Myeongwoo,19/11/2001,PRIMROSE,13/03/2023,AO,South Korea,,,,
Yewang,Seo Yewang,12/03/2005,EPEX,8/06/2021,C9,South Korea,,,,
Yewon,Park Yewon,11/01/2004,HOT ISSUE,17/05/2017,FNC,South Korea,,,,
Yewon,Han Yewon,7/02/2003,mimiirose,16/09/2022,YES IM,South Korea,,Seoul,,
Yezi,Lee Yeji,26/08/1994,Fiestar,31/08/2012,LOEN,South Korea,,Gangneung,,
Yibo,Wang Yibo,5/08/1997,UNIQ,20/10/2014,Yuehua,China,,,,
Yijeong,Jang Yijeong,10/09/1993,HISTORY,26/04/2013,LOEN,South Korea,,Jinju,,
Yiren,Wang Yiren,29/12/2000,Everglow,18/03/2019,Yuehua,China,,,,
Yixuan,Zhou Yixuan,11/12/1990,UNIQ,20/10/2014,Yuehua,China,,,,
Yiyeon,Jung Dasol,28/05/1995,BVNDIT,10/04/2019,MNH,South Korea,,,,
Yoel,Kim Yoel,25/01/2001,AIMERS,17/11/2022,Hyper Rhythm,South Korea,,Seoul,,
Yohan,Kim Yohan,22/09/1999,WEi,5/10/2020,OUI,South Korea,,,,X1
Yonggeun,Jo Yonggeun,23/01/1995,D1CE,1/08/2019,Happyface,South Korea,,,,
Yongguk,Bang Yongguk,31/03/1990,B.A.P,27/01/2012,TS,South Korea,,Incheon,,
Yongha,Yoo Yongha,11/01/1999,WEi,5/10/2020,OUI,South Korea,,,,1the9
Yonghee,Kim Yonghee,17/02/2000,CIX,23/07/2019,C9,South Korea,,,,
Yonghoon,Jin Yonghoon,17/08/1994,Onewe,9/01/2019,RBW,South Korea,,,,MAS
Yonghwa,Jung Yonghwa,22/06/1989,CNBLUE,14/01/2010,FNC,South Korea,,Seoul,,
Yongseok,Choi Yongseok,23/05/1996,CHECKMATE,19/06/2012,Yedang,South Korea,,,,
Yongseok,Kim Yongseok,8/01/1993,CROSS GENE,8/07/2012,Amuse,South Korea,,Seoul,,
Yongseung,Kim Yongseung,17/06/2000,Verivery,1/09/2019,Jellyfish,South Korea,,,,
Yooa,Yoo Siah,17/09/1995,Oh My Girl,21/04/2015,WM,South Korea,,Seoul,,
Yoochun,Park Yoochun,4/07/1986,JYJ,8/09/2010,C-JeS,South Korea,,Seoul,,TVXQ
Yoohyeon,Kim Yoohyeon,7/01/1997,Dreamcatcher,13/01/2017,Happy Face,South Korea,,Incheon,,Minx
Yoojin,Jang Yoojin,14/09/1992,,,,South Korea,,,,Brave Girls
Yoojin,Ahn Yoojin,29/02/2000,ARTBEAT,16/11/2022,AB Creative,South Korea,,,,
Yoojun,Jung Gun,27/12/2000,BAE173,19/11/2020,PocketDol,South Korea,,,,
Yoojun,Jun Yoojun,26/07/1995,D1CE,1/08/2019,Happyface,South Korea,,,,
Yoojung,Lee Taeyeop,19/05/1997,OnlyOneOf,28/05/2019,RSVP,South Korea,,,,
Yoojung,Choi Yoojung,12/11/1999,Weki Meki,8/08/2017,Fantagio,South Korea,,Guri,I.O.I| WJMK,
Yookyung,Seo Yookyung,15/03/1993,,,,South Korea,,,,AOA BLACK
Yoomin,Na Yoomin,29/08/1993,MELODYDAY,25/09/2019,KD,South Korea,,,,
Yoon,Heo Yoon,23/09/1994,4TEN,26/08/2014,Jungle,South Korea,,,,
Yoon,Ji Hayoon,8/07/1997,Gate9,26/01/1999,JYP| SidusHQ,South Korea,,Busan,,
Yoon,Shim Jayoon,14/04/2004,STAYC,12/11/2020,Hi-Up,South Korea,,Gwangju,,
Yoon,Kang Seungyoon,21/01/1994,WINNER,12/08/2014,YG,South Korea,,Busan,,
Yoona,Ogura Yuuna,13/10/2000,bugAboo,25/10/2021,A team,Japan,,Sapporo,,
Yoona,Im Yoona,30/05/1990,SNSD,4/08/2021,Good Luck,South Korea,,Seoul,,
Yoonbin,Ha Yoonbin,11/12/2000,,,,South Korea,,,,
Yoonhye,Jung Yoonhye,4/10/2001,FANATICS,6/08/2019,FENT,South Korea,,,FANATICS FLAVOR,
Yoonhye,Jung Yoonhye,14/04/1990,Rainbow,12/11/2009,DSP,South Korea,,Daejeon,,
Yoonji,,21/07/1998,Lusty,26/06/2019,babaplay,South Korea,,,,
Yoonjo,Shin Yoonjo,14/12/1992,UNI.T,18/05/2018,Unit Culture,South Korea,,Seoul,,Hello Venus
Yoonsan,Yoon Sanghyuk,22/08/1994,HOTSHOT,29/10/2014,Star Crew,South Korea,,,,
Yoonsung,Cho Yoonsung,13/11/2003,8TURN,30/01/2023,MNH,South Korea,,Seoul,,
Yoonwoo,Lee Choonghyun,28/08/2000,TRENDZ,5/01/2022,Interpark,South Korea,,,,
Yoosung,Jeong Yoosung,8/10/1992,,,,South Korea,,,,Bigflo
Yooyeon,Kim Yooyeon,9/02/2001,tripleS,13/02/2023,MODHAUS,South Korea,,Seoul,,
Yooyoung,Lee Yooyoung,23/01/1995,Hello Venus,9/05/2012,Fantagio,South Korea,,Suwon,,
Yoseob,Yang Yoseob,5/01/1990,Highlight,14/10/2009,Around Us,South Korea,,Seoul,,Beast
Yoshi,Kanemoto Yoshinori,15/05/2000,Treasure,7/08/2020,YG,Japan,,Kobe,,
You,Kim Taeyou,17/11/1999,ABLUE,23/10/2022,J-Star,South Korea,,,,BECZ
Youi,Kim Jihyeo,24/04/2000,Dreamnote,7/11/2018,iME,South Korea,,,,
Young K,Kang Young-hyun,19/12/1993,DAY6,7/09/2015,JYP,South Korea,Canada,,,
Youngbin,Lee Youngbin,23/11/2001,BLANK2Y,24/05/2022,Keystone,South Korea,,,,
Youngbin,Jeong Youngbin,5/10/1998,Luminous,9/09/2021,Barunson,South Korea,,Seongju,,
Youngbin,Kim Youngbin,23/11/1993,SF9,5/10/2016,FNC,South Korea,,,,
Youngeun,Seo Youngeun,27/12/2004,Kep1er,1/03/2022,WakeOne,South Korea,,,,
Youngheun,Go Youngheun,20/11/1994,Blackswan,16/10/2020,DR,South Korea,,,,
Youngho,Noh Youngho,24/03/1993,SIGNAL,28/08/2019,J-Star,South Korea,,,,
Younghoon,Kim Younghoon,8/08/1997,The Boyz,31/12/2017,Cre.Ker,South Korea,,,,
Youngjae,Yoo Youngjae,24/01/1994,B.A.P,27/01/2012,TS,South Korea,,Seoul,,
Youngjae,Choi Youngjae,17/09/1996,GOT7,16/01/2014,JYP,South Korea,,Mokpo,,
Youngji,Hur Youngji,30/08/1994,KARA,29/03/2007,DSP,South Korea,,Goyang,,
Youngmin,Lim Youngmin,25/12/1995,,,,South Korea,,Busan,MXM,AB6IX
Youngmin,Jo Youngmin,24/04/1995,Boyfriend,26/05/2011,Starship,South Korea,,Anyang,,
Youngseo,Ryu Youngseo,13/06/2002,BAE173,19/11/2020,PocketDol,South Korea,,,,
Youngwoong,Cho Youngwoon,1/05/1999,14U,17/04/2017,BG,South Korea,,,,
Yua,Mikami Yua,16/08/1993,Honey Popcorn,21/03/2018,Kyun Create,Japan,,,,
Yubeen,Jin Yubeen,5/09/2006,TRACER,3/04/2022,Gleamedia,South Korea,,,,
Yubin,Cho Yubin,9/10/1999,,,,South Korea,,,,Pink Fantasy
Yubin,Oh Yubin,26/11/1998,ARTBEAT,16/11/2022,AB Creative,South Korea,,,,
Yubin,Kim Yubin,27/02/2002,Bling Bling,17/11/2020,Major9,South Korea,,,,
Yubin,Jang Yubin,10/06/2004,Mirae,17/03/2021,DSP,South Korea,,,,
Yubin,Bae Yubin,9/09/1997,Oh My Girl,21/04/2015,WM,South Korea,,Chuncheon,,
Yubin,Gong Yubin,3/02/2005,tripleS,13/02/2023,MODHAUS,South Korea,,Yongin,,
Yubin,Kim Yubin,4/10/1988,Wonder Girls,13/02/2007,JYP,South Korea,,Gwangju,,
Yue,Nancy Yang,3/07/2004,Lapillus,22/06/2022,MLD,USA,China,,,
Yuem,Park Subin,25/12/1996,H.U.B,9/02/2017,New Planet,South Korea,,,,
Yugyeom,Kim Yugyeom,17/11/1997,GOT7,16/01/2014,JYP,South Korea,,Namyangju,,
Yuha,Kang Kyungwon,5/11/1997,Hinapia,3/11/2019,Alseulbit,South Korea,,,,Pristin
Yujeong,Kim Yujeong,14/02/1992,,,,South Korea,,Seoul,,LABOUM
Yujeong,Nam Yujeong,2/05/1991,Brave Girls,8/04/2011,Brave,South Korea,,Seoul,,
Yujeong,Lee Yujeong,14/06/2004,LIGHTSUM,10/06/2021,Cube,South Korea,,,,
Yuji,Son Yuji,25/11/1998,3YE,21/05/2019,GH,South Korea,,,,Apple.B
Yujin,Ahn Yujin,1/09/2003,IVE,1/12/2021,Starship,South Korea,,Cheongju,,IZ*ONE
Yujin,Choi Yujin,12/08/1996,Kep1er,1/03/2022,WakeOne,South Korea,,Jeonju,,CLC
Yujin,Seo Yoojin,18/06/1994,Playback,25/06/2015,Coridel,South Korea,,,,
Yujin,Jeong Yujin,23/10/1989,S#aFLA,14/07/2021,Winnerzone,South Korea,,,,D-Unit
Yuju,Choi Yuju,5/03/1997,Cherry Bullet,21/01/2019,FNC,South Korea,,,,
Yuju,Choi Yuna,4/10/1997,Gfriend,15/01/2015,Source,South Korea,,Goyang,,
Yujun,Jung Yujun,5/10/2005,xikers,30/03/2023,KQ,South Korea,,Incheon,,
Yuki,Mori Koyuki,6/11/2002,Purple Kiss,15/03/2021,RBW,Japan,,,,
Yuki,Lim Jiyeon,30/01/2002,Saturday,18/07/2018,SD,South Korea,,,,
Yuku,Amanumu Yuku,12/05/2002,DKB,3/02/2020,Brave,Japan,,,,
Yukyung,Lee Yukyung,5/11/1999,ALICE,1/07/2017,IOK Company,South Korea,,,,
Yulhee,Kim Yulhee,27/11/1997,,,,South Korea,,Bucheon,,LABOUM
Yuna,Seo Yuna,30/12/1992,AoA,30/07/2012,FNC,South Korea,,Busan,AOA BLACK,
Yuna,Lee Yuna,6/04/1993,Brave Girls,8/04/2011,Brave,South Korea,,Seoul,,
Yuna,Iimura Yuna,23/04/2005,CSR,27/07/2022,A2Z,Japan,,Ibaraki,,
Yuna,Shin Yuna,9/12/2003,ITZY,12/02/2019,JYP,South Korea,,Suwon,,
Yungyu,Lee Yungyu,7/11/2005,8TURN,30/01/2023,MNH,South Korea,,,,
Yunho,Jeong Yunho,23/03/1999,ATEEZ,24/10/2018,KQ,South Korea,,Gwangju,,
Yunji,Kim Yunji,26/08/1996,ARIAZ,23/10/2019,Rising Star,South Korea,,,,
Yunji,Lee Yunji,4/04/1992,Playback,25/06/2015,Coridel,South Korea,,,,
Yunjin,Huh Yunjin,8/10/2001,LE SSERAFIM,2/05/2022,Source,South Korea,,,,
Yunju,Seo Yunju,26/12/2005,mimiirose,16/09/2022,YES IM,South Korea,,Pohang,,
Yunkyung,Seo Yunkyung,1/11/2001,Rocket Punch,7/08/2019,Woollim,South Korea,,,,
Yunmin,Yun Min,26/02/2001,Newkidd,25/04/2019,J-FLO,South Korea,,,,
Yunseong,Hwang Yunseong,30/10/2000,DRIPPIN,26/10/2020,Woollim,South Korea,Seoul,,,
Yunseul,Hwang Nayoon,30/03/1999,IRRIS,6/07/2022,Mellow,South Korea,,Seoul,,Good Day| RedSquare
Yunsung,Hwang Yunsung,19/03/1996,Romeo,4/11/2015,CT,South Korea,,,,
Yuqi,Song Yuqi,23/09/1999,(G)I-DLE,2/05/2018,Cube,China,,Beijing,,
Yura,Kim Ahyoung,6/11/1992,Girl's Day,9/07/2010,DreamT,South Korea,,Ulsan,,
Yuri,Jo Yuri,22/10/2001,IZ*ONE,29/10/2018,Off The Record,South Korea,,Busan,,
Yuri,Kwon Yuri,5/12/1989,SNSD,4/08/2021,Good Luck,South Korea,,Goyang,,
Yurim,Park Yurim,13/04/1998,3YE,21/05/2019,GH,South Korea,,,,Apple.B
Yuta,Nakamoto Yuta,26/10/1995,NCT,9/04/2016,SM,Japan,,Osaka,NCT 127,
Yuto,Adachi Yuto,23/01/1998,PENTAGON,10/10/2016,Cube,Japan,,,,
Yuuri,Tokunaga Yuuri,16/05/2001,LUNARSOLAR,2/09/2020,J Planet,Japan,,,,
Yuvin,Song Yuvin,28/04/1998,B.O.Y,20/01/2020,Music Works,South Korea,,,,MYTEEN
Yves,Ha Sooyoung,24/05/1997,LOONA,20/08/2018,Blockberry,South Korea,,,Loona yyxy,
YY,Kim Moonyong,30/08/1991,UNVS,23/02/2020,CHITWN,South Korea,,,,
Zelo,Choi Junhong,15/10/1996,B.A.P,27/01/2012,TS,South Korea,,Mokpo,,
Zero,Nasukawa Shota,20/01/2003,T1419,21/09/2007,CJ E&M,Japan,,,,
Zhou Mi,Zhou Mi,19/04/1986,Super Junior-M,6/11/2005,SM,China,,Wuhan,,
Zico,Woo Jiho,14/09/1992,Block B,15/04/2011,KQ,South Korea,,Seoul,,
Zin,Jin Hyunbin,31/08/2001,bugAboo,25/10/2021,A team,South Korea,,,,
Ziu,Park Heejun,16/06/1997,VAV,31/10/2015,A team,South Korea,,,,
ZN,Bae Jinye,9/06/1994,LABOUM,27/08/2014,NH,South Korea,,Bucheon,UNI.T,
Zoa,Cho Hyewon,31/05/2005,Weeekly,30/07/2020,Play M,South Korea,,,,
Zuho,Bae Juho,4/07/1996,SF9,5/10/2016,FNC,South Korea,,,,
Z-UK,Jeong Jaewook,27/01/1993,,,,South Korea,,,,Bigflo
Zuny,Kim Joomi,8/12/1994,Ladies' Code,7/03/2013,Polaris,South Korea,,Gwangju,,
Martin,Martin,,CORTIS,18/08/2025,Big Hit,Canada,South Korea,,,
James,James,01/01/2005,CORTIS,18/08/2025,Big Hit,Thailand,Hong Kong,,,Trainee A
Juhoon,Juhoon,,CORTIS,18/08/2025,Big Hit,South Korea,,,,
Seonghyeon,Seonghyeon,,CORTIS,18/08/2025,Big Hit,South Korea,,,,
Keonho,Keonho,14/02/2007,CORTIS,18/08/2025,Big Hit,South Korea,,,,
Yeeun,Park Yeeun,,UNCHILD,21/04/2026,High Up,South Korea,,,,
Heekie,Heekie,17/03/2007,UNCHILD,21/04/2026,High Up,South Korea,,,,
Tina,Tina,,UNCHILD,21/04/2026,High Up,China,,,,
Ako,Sasaki Ako,08/07/2008,UNCHILD,21/04/2026,High Up,Japan,,,,
Evon,Evon,11/07/2008,UNCHILD,21/04/2026,High Up,South Korea,,,,
Haeun,Na Haeun,16/01/2009,UNCHILD,21/04/2026,High Up,South Korea,,,,
Sungho,Park Sungho,04/09/2003,BoyNextDoor,30/05/2023,KOZ,South Korea,,Wonju,,
Riwoo,Lee Sanghyuk,22/10/2003,BoyNextDoor,30/05/2023,KOZ,South Korea,,Seoul,,
Jaehyun,Myung Jaehyun,04/12/2003,BoyNextDoor,30/05/2023,KOZ,South Korea,,Seoul,,
Taesan,Han Dongmin,10/08/2004,BoyNextDoor,30/05/2023,KOZ,South Korea,,Gwangju,,
Leehan,Kim Donghyun,20/10/2004,BoyNextDoor,30/05/2023,KOZ,South Korea,,Busan,,
Woonhak,Kim Woonhak,29/11/2006,BoyNextDoor,30/05/2023,KOZ,South Korea,,Suwon,,
Yunah,Noh Yunah,15/01/2004,ILLIT,25/03/2024,Belift Lab,South Korea,,Chungju,,
Minju,Park Minju,11/05/2004,ILLIT,25/03/2024,Belift Lab,South Korea,,Namyangju,,
Moka,Sakai Moka,08/10/2004,ILLIT,25/03/2024,Belift Lab,Japan,,Fukuoka,,
Wonhee,Lee Wonhee,26/06/2007,ILLIT,25/03/2024,Belift Lab,South Korea,,Namyangju,,
Iroha,Hokazono Iroha,04/02/2008,ILLIT,25/03/2024,Belift Lab,Japan,,Tokyo,,
Manon,Manon Bannerman,26/06/2002,KATSEYE,28/06/2024,HxG,Switzerland,Ghana,Zurich,,
Sophia,Sophia Laforteza,31/12/2002,KATSEYE,28/06/2024,HxG,Philippines,,Manila,,
Daniela,Daniela Avanzini,01/07/2004,KATSEYE,28/06/2024,HxG,United States,Cuba,Atlanta,,
Lara,Lara Rajagopalan,03/11/2005,KATSEYE,28/06/2024,HxG,United States,India,Los Angeles,,
Megan,Megan Skiendiel,10/02/2006,KATSEYE,28/06/2024,HxG,United States,,Honolulu,,
Yoonchae,Jeong Yoonchae,06/12/2007,KATSEYE,28/06/2024,HxG,South Korea,,Seoul,,
Carmen,Carmen,07/09/2006,Hearts2Hearts,24/02/2025,SM Entertainment,South Korea,,,,
Jiwoo,Jiwoo,,Hearts2Hearts,24/02/2025,SM Entertainment,South Korea,,,,
Yuha,Yu Haram,12/04/2007,Hearts2Hearts,24/02/2025,SM Entertainment,South Korea,,,,
Stella,Stella,,Hearts2Hearts,24/02/2025,SM Entertainment,South Korea,,,,
Juun,Juun,,Hearts2Hearts,24/02/2025,SM Entertainment,South Korea,,,,
A-na,A-na,,Hearts2Hearts,24/02/2025,SM Entertainment,South Korea,,,,
Ian,Ian,,Hearts2Hearts,24/02/2025,SM Entertainment,South Korea,,,,
Ye-on,Kim Nayeon,19/04/2010,Hearts2Hearts,24/02/2025,SM Entertainment,South Korea,,,,
Chodan,Hong Jihye,01/11/1998,QWER,18/10/2023,Tamago Production,South Korea,,Seoul,,
Magenta,Lee Heesu,02/06/1997,QWER,18/10/2023,Tamago Production,South Korea,,Pohang,,
Hina,Jang Nayeong,30/01/2001,QWER,18/10/2023,Tamago Production,South Korea,,Seoul,,
Siyeon,Lee Siyeon,16/05/2000,QWER,18/10/2023,Tamago Production,South Korea,,Seoul,,NMB48